who,last_active,career_effect,current_effect
PETER_FORSBERG,20102011,0.850307942214564,0
BRAD_MARCHAND,20132014,0.421845943943269,0.421845943943269
SIDNEY_CROSBY,20132014,0.41761283377782,0.41761283377782
MARTIN_GELINAS,20072008,0.402637363295745,0
JOE_THORNTON,20132014,0.394837036094538,0.394837036094538
JONATHAN_TOEWS,20132014,0.373314762701138,0.373314762701138
PAVEL_DATSYUK,20132014,0.365268490596319,0.365268490596319
ERIC_FEHR,20132014,0.358957699583487,0.358957699583487
ALEXANDER_SEMIN,20132014,0.33353309708601,0.33353309708601
DANIEL_ALFREDSSON,20132014,0.325662024451756,0.325662024451756
GABRIEL_LANDESKOG,20132014,0.324217339645689,0.324217339645689
MARIAN_GABORIK,20132014,0.324014597439759,0.324014597439759
MARIAN_HOSSA,20132014,0.323848919636311,0.323848919636311
LOGAN_COUTURE,20132014,0.321909469535443,0.321909469535443
RYAN_GETZLAF,20132014,0.311949376601451,0.311949376601451
ALEX_OVECHKIN,20132014,0.306847788987052,0.306847788987052
TYLER_TOFFOLI,20132014,0.301233468941347,0.301233468941347
ZIGMUND_PALFFY,20052006,0.299148665490014,0
RADIM_VRBATA,20132014,0.296205277751387,0.296205277751387
TEEMU_SELANNE,20132014,0.294445649904724,0.294445649904724
DAVID_PERRON,20132014,0.292361573204074,0.292361573204074
PATRIC_HORNQVIST,20132014,0.284392579124443,0.284392579124443
STEVE_DOWNIE,20132014,0.281919774043231,0.281919774043231
MARTIN_HAVLAT,20122013,0.276027716279703,0
LOUI_ERIKSSON,20132014,0.275821952844419,0.275821952844419
PATRICK_ROY,20022003,0.273468954744023,0
NATHAN_HORTON,20132014,0.2694293608703,0.2694293608703
LADISLAV_NAGY,20072008,0.263748591368785,0
MIKKO_KOIVU,20132014,0.263423898168484,0.263423898168484
HENRIK_SEDIN,20132014,0.263124551185595,0.263124551185595
ROBERT_LANG,20092010,0.262500268029381,0
ZACH_PARISE,20132014,0.258902784928136,0.258902784928136
MATT_MOULSON,20132014,0.258115724880286,0.258115724880286
PATRIK_ELIAS,20132014,0.252836335548374,0.252836335548374
VINCENT_LECAVALIER,20132014,0.252551111047119,0.252551111047119
DANIEL_SEDIN,20132014,0.25209508506696,0.25209508506696
JOHAN_FRANZEN,20132014,0.250761030563898,0.250761030563898
P.K._SUBBAN,20132014,0.250033542992334,0.250033542992334
JUSTIN_WILLIAMS,20132014,0.249710449293484,0.249710449293484
JASON_ARNOTT,20112012,0.249166035131891,0
ANDREI_MARKOV,20132014,0.246135320166329,0.246135320166329
ALEXANDER_RADULOV,20112012,0.245976763483051,0
CHRIS_PRONGER,20112012,0.244393182891371,0
TYLER_KENNEDY,20132014,0.23596118398316,0.23596118398316
BENOIT_POULIOT,20132014,0.232481144807945,0.232481144807945
LUBOMIR_VISNOVSKY,20132014,0.229674092443627,0.229674092443627
JAROMIR_JAGR,20132014,0.229642031992284,0.229642031992284
ALEX_TANGUAY,20132014,0.226187882865372,0.226187882865372
CHRIS_KUNITZ,20132014,0.225989110281447,0.225989110281447
ROB_KLINKHAMMER,20132014,0.225850679580016,0.225850679580016
JOE_PAVELSKI,20132014,0.225271668973039,0.225271668973039
DOMINIK_HASEK,20072008,0.224623736954638,0
NICKLAS_LIDSTROM,20112012,0.223970997782667,0
MAREK_MALIK,20082009,0.221861708997397,0
CHRIS_SIMON,20072008,0.219632929241028,0
PETR_CAJANEK,20062007,0.214954027485361,0
PIERRE-MARC_BOUCHARD,20132014,0.214073686554654,0.214073686554654
KYLE_WELLWOOD,20122013,0.213193936834832,0
PETER_SCHAEFER,20102011,0.211055261885328,0
DUSTIN_PENNER,20132014,0.207767576098024,0.207767576098024
STEVEN_STAMKOS,20132014,0.207587587908444,0.207587587908444
FRANS_NIELSEN,20132014,0.207548346104457,0.207548346104457
MILAN_HEJDUK,20122013,0.207282648247936,0
TEDDY_PURCELL,20132014,0.203749133438298,0.203749133438298
ALEX_BURROWS,20132014,0.202182614911888,0.202182614911888
TOBIAS_ENSTROM,20132014,0.20031754631592,0.20031754631592
ZDENO_CHARA,20132014,0.199412736277042,0.199412736277042
CODY_FRANSON,20132014,0.193650028759554,0.193650028759554
RICK_NASH,20132014,0.192779078357967,0.192779078357967
DAYMOND_LANGKOW,20112012,0.191506463536128,0
HENRIK_ZETTERBERG,20132014,0.190729990096255,0.190729990096255
KEITH_YANDLE,20132014,0.190129093567717,0.190129093567717
ALEXEI_PONIKAROVSKY,20122013,0.187396869464392,0
JAKUB_VORACEK,20132014,0.187353213553999,0.187353213553999
DAVID_BACKES,20132014,0.186595155780658,0.186595155780658
NICKLAS_BACKSTROM,20132014,0.185400284855295,0.185400284855295
DAVID_KREJCI,20132014,0.185083566287277,0.185083566287277
ERIK_COLE,20132014,0.184637447994514,0.184637447994514
NAZEM_KADRI,20132014,0.184385303495249,0.184385303495249
DEREK_MACKENZIE,20132014,0.18351425480581,0.18351425480581
MIKE_RICHARDS,20132014,0.183304615859353,0.183304615859353
T.J._OSHIE,20132014,0.183046901520425,0.183046901520425
JANNIK_HANSEN,20132014,0.179158980217132,0.179158980217132
DUSTIN_BROWN,20132014,0.177887476115842,0.177887476115842
BRENDAN_MORRISON,20112012,0.177312207140122,0
TYLER_SEGUIN,20132014,0.176547184647832,0.176547184647832
KIMMO_TIMONEN,20132014,0.176063351960833,0.176063351960833
STEVE_THOMAS,20032004,0.175752646599202,0
JORDAN_EBERLE,20132014,0.175710363760358,0.175710363760358
EVGENI_MALKIN,20132014,0.174996328306782,0.174996328306782
ANZE_KOPITAR,20132014,0.174680728142271,0.174680728142271
PATRICK_SHARP,20132014,0.173878393471903,0.173878393471903
WOJTEK_WOLSKI,20122013,0.172761169768387,0
JEFF_CARTER,20132014,0.170344114522273,0.170344114522273
BOBBY_RYAN,20132014,0.169674454908428,0.169674454908428
PAVOL_DEMITRA,20092010,0.166754389035715,0
BRYAN_BICKELL,20132014,0.166054844676092,0.166054844676092
ALEX_FROLOV,20102011,0.16389753396296,0
KEITH_TKACHUK,20092010,0.162841559343046,0
SHANE_DOAN,20132014,0.161473267190701,0.161473267190701
HENRIK_LUNDQVIST,20132014,0.160856236738395,0.128882748166328
THOMAS_VANEK,20132014,0.158656259681497,0.158656259681497
JIRI_HUDLER,20132014,0.157893490770317,0.157893490770317
RYAN_SMYTH,20132014,0.157469882539719,0.157469882539719
SIMON_GAGNE,20122013,0.157439352015039,0
STEPHEN_WEISS,20132014,0.157413420959583,0.157413420959583
MARC_SAVARD,20102011,0.15715751973359,0
JOCHEN_HECHT,20122013,0.156049837937686,0
MARCO_STURM,20112012,0.154919557390486,0
RYAN_MCDONAGH,20132014,0.154854779172227,0.154854779172227
ALEX_STEEN,20132014,0.154460019123654,0.154460019123654
BRIAN_RAFALSKI,20102011,0.15188981574121,0
MATT_CULLEN,20132014,0.151722029588477,0.151722029588477
JOEL_WARD,20132014,0.151297463714287,0.151297463714287
DEREK_STEPAN,20132014,0.150987470111069,0.150987470111069
MATT_CARLE,20132014,0.150758909035607,0.150758909035607
JAROME_IGINLA,20132014,0.150545449650006,0.150545449650006
PATRICE_BERGERON,20132014,0.15051782855833,0.15051782855833
JASON_SPEZZA,20132014,0.149085256113332,0.149085256113332
MIKE_RIBEIRO,20132014,0.147472359515482,0.147472359515482
MARK_STREIT,20132014,0.147283631262833,0.147283631262833
NATHAN_GERBE,20132014,0.147079165456505,0.147079165456505
PAUL_STASTNY,20132014,0.145644781960964,0.145644781960964
SERGEI_KOSTITSYN,20122013,0.143357990648663,0
TRENT_HUNTER,20112012,0.141157176284507,0
FERNANDO_PISANI,20102011,0.140947258974843,0
CAM_ATKINSON,20132014,0.139756931524469,0.139756931524469
CHRISTIAN_BACKMAN,20082009,0.139544193524663,0
JAMES_REIMER,20132014,0.139047713687423,0.139047713687423
DANY_HEATLEY,20132014,0.138999293794563,0.138999293794563
MIKAEL_SAMUELSSON,20132014,0.136760492150442,0.136760492150442
DOUG_WEIGHT,20102011,0.136344547708779,0
SCOTT_HARTNELL,20132014,0.135917237701794,0.135917237701794
PATRIK_BERGLUND,20132014,0.134684175948835,0.134684175948835
STEVEN_REINPRECHT,20102011,0.134593796336426,0
CLAUDE_GIROUX,20132014,0.133944558156675,0.133944558156675
OLLI_JOKINEN,20132014,0.133713800636664,0.133713800636664
SLAVA_VOYNOV,20132014,0.133499434447136,0.133499434447136
DAN_BOYLE,20132014,0.132416413919709,0.132416413919709
BEN_LOVEJOY,20132014,0.132291737576042,0.132291737576042
DEREK_ROY,20132014,0.130298179351063,0.130298179351063
ALEX_GOLIGOSKI,20132014,0.129920514769284,0.129920514769284
CURTIS_GLENCROSS,20132014,0.129322761051808,0.129322761051808
MIKHAIL_GRABOVSKI,20132014,0.128411946390661,0.128411946390661
ERIC_DESJARDINS,20052006,0.127760392101636,0
VALERI_BURE,20032004,0.127296138934847,0
COLIN_WILSON,20132014,0.126961933785193,0.126961933785193
KRIS_VERSTEEG,20132014,0.126556646555628,0.126556646555628
CURTIS_LESCHYSHYN,20032004,0.125616213712083,0
TOMAS_PLEKANEC,20132014,0.125293894577587,0.125293894577587
VIKTOR_KOZLOV,20082009,0.125229935903507,0
BRYAN_LITTLE,20132014,0.124586928840539,0.124586928840539
JUSSI_JOKINEN,20132014,0.124494994233535,0.124494994233535
CARL_HAGELIN,20132014,0.12447807713504,0.12447807713504
BRIAN_CAMPBELL,20132014,0.123956807672774,0.123956807672774
TRAVIS_ZAJAC,20132014,0.123739201174106,0.123739201174106
SEAN_AVERY,20112012,0.123713483854541,0
SCOTTIE_UPSHALL,20132014,0.123370546872458,0.123370546872458
JASON_BLAKE,20112012,0.123291756563855,0
PETER_BUDAJ,20132014,0.123210111103735,0.123210111103735
BRENDEN_MORROW,20132014,0.122049736311301,0.122049736311301
MILAN_LUCIC,20132014,0.121388795075361,0.121388795075361
ADAM_MCQUAID,20132014,0.120716979483157,0.120716979483157
SHEA_WEBER,20132014,0.12002747602017,0.12002747602017
STEVE_SULLIVAN,20122013,0.11993408738565,0
ANDREW_LADD,20132014,0.119753596365229,0.119753596365229
JASON_POMINVILLE,20132014,0.119580416893732,0.119580416893732
ILYA_KOVALCHUK,20122013,0.118844301744067,0
MICHAEL_RYDER,20132014,0.117973447120479,0.117973447120479
ANDREI_KOSTITSYN,20112012,0.117699566588432,0
JOSH_BAILEY,20132014,0.117073711764575,0.117073711764575
MATS_SUNDIN,20082009,0.116264329193423,0
TOM_PREISSING,20092010,0.114994585885592,0
SEAN_BURKE,20062007,0.114980439719289,0
OLEG_KVASHA,20052006,0.114710089712978,0
LEE_STEMPNIAK,20132014,0.114649381502901,0.114649381502901
CRAIG_ANDERSON,20132014,0.114300083084531,0.114300083084531
MIKE_KNUBLE,20122013,0.113895343545267,0
ALEX_PIETRANGELO,20132014,0.112833905610027,0.112833905610027
MIIKKA_KIPRUSOFF,20122013,0.112639212955587,0
BRAD_BOYES,20132014,0.112554500325951,0.112554500325951
PETER_BONDRA,20062007,0.112207665050177,0
MILAN_MICHALEK,20132014,0.111645876316998,0.111645876316998
RYAN_KESLER,20132014,0.111086281485511,0.111086281485511
ALES_HEMSKY,20132014,0.110905067886582,0.110905067886582
RYAN_NUGENT-HOPKINS,20132014,0.110518907198222,0.110518907198222
ERIK_GUSTAFSSON,20132014,0.110447879408132,0.110447879408132
JERE_LEHTINEN,20092010,0.110251392929678,0
CHRISTIAN_EHRHOFF,20132014,0.109899438881831,0.109899438881831
ALEX_KOVALEV,20122013,0.109665271858969,0
MAREK_SVATOS,20102011,0.109439505659873,0
JOHN_LECLAIR,20062007,0.108941922179816,0
NOLAN_BAUMGARTNER,20092010,0.107416790035272,0
NIK_ANTROPOV,20122013,0.106976539930054,0
PHIL_KESSEL,20132014,0.106824707185523,0.106824707185523
MICHEL_OUELLET,20082009,0.105752425278513,0
DAVID_LEGWAND,20132014,0.105480391884541,0.105480391884541
ADAM_HENRIQUE,20132014,0.10528430716066,0.10528430716066
RAFFI_TORRES,20122013,0.10390074360326,0
BRANDON_DUBINSKY,20132014,0.102964230700855,0.102964230700855
ROMAN_HAMRLIK,20122013,0.10288297676261,0
TAYLOR_HALL,20132014,0.101812143379937,0.101812143379937
MIKE_DUNHAM,20062007,0.10100398996014,0
SIMON_DESPRES,20132014,0.100594776224509,0.100594776224509
JOZEF_STUMPEL,20072008,0.100548997936399,0
DAVID_VYBORNY,20072008,0.0997373087413716,0
R.J._UMBERGER,20132014,0.0988652389183135,0.0988652389183135
BRIAN_ROLSTON,20112012,0.0987531941073845,0
BRANDON_SUTTER,20132014,0.0986460348479135,0.0986460348479135
BRIAN_GIONTA,20132014,0.0981068072849865,0.0981068072849865
OLIVER_EKMAN-LARSSON,20132014,0.0968880067702562,0.0968880067702562
SERGEI_ZUBOV,20082009,0.0950127176239273,0
WAYNE_SIMMONDS,20132014,0.0946453286855125,0.0946453286855125
IAN_WHITE,20122013,0.0942266529627727,0
COREY_PERRY,20132014,0.0941054787140628,0.0941054787140628
MICHAL_ROZSIVAL,20132014,0.093038637916174,0.093038637916174
ROMAN_CECHMANEK,20032004,0.09297079207744,0
ANDREW_BRUNETTE,20112012,0.0929022622576518,0
SERGEI_FEDOROV,20082009,0.0925110279226561,0
FREDRIK_MODIN,20102011,0.0920378396296631,0
MARK_GIORDANO,20132014,0.0913133159715646,0.0913133159715646
JAROSLAV_SPACEK,20112012,0.0909468941909208,0
MATHIEU_PERREAULT,20132014,0.0900207397469401,0.0900207397469401
EVANDER_KANE,20132014,0.0899175385937497,0.0899175385937497
SCOTT_PARSE,20112012,0.0896041135047642,0
PHILIPPE_BOUCHER,20082009,0.089289164082341,0
ROBERTO_LUONGO,20132014,0.088442841526243,0.088442841526243
MIKE_MOTTAU,20132014,0.0873911782608764,0.0873911782608764
MATHIEU_SCHNEIDER,20092010,0.0872225504681841,0
MICHAEL_NYLANDER,20082009,0.0853889790896519,0
MARTIN_RUCINSKY,20072008,0.0849071458162505,0
ED_BELFOUR,20062007,0.0835079958911294,0
RAY_WHITNEY,20132014,0.0834534932771826,0.0834534932771826
KEVIN_SHATTENKIRK,20132014,0.083179233524991,0.083179233524991
NICK_FOLIGNO,20132014,0.0831098453390848,0.0831098453390848
MARTIN_ERAT,20132014,0.0828485572080069,0.0828485572080069
MIROSLAV_SATAN,20092010,0.082728490731418,0
CHRIS_NEIL,20132014,0.0821210916209571,0.0821210916209571
DEAN_MCAMMOND,20092010,0.0809578047101606,0
DAVE_BOLLAND,20132014,0.0807205563408085,0.0807205563408085
ANDREW_COGLIANO,20132014,0.0803635084649404,0.0803635084649404
OWEN_NOLAN,20092010,0.0801330110614525,0
BRENDAN_SHANAHAN,20082009,0.0788096657544484,0
MICHAEL_GRABNER,20132014,0.0788023118959718,0.0788023118959718
RYAN_WILSON,20132014,0.0786074569418551,0.0786074569418551
NIKOLAI_ZHERDEV,20102011,0.0775939361478225,0
JOE_CORVO,20132014,0.0764501280103636,0.0764501280103636
CAM_WARD,20132014,0.0763293409820943,0.0763293409820943
CLARKE_MACARTHUR,20132014,0.0762563787506123,0.0762563787506123
JAROSLAV_HALAK,20132014,0.0760473935075925,0.0760473935075925
SERGEI_SAMSONOV,20102011,0.0760357653097854,0
BRYAN_MCCABE,20102011,0.0751178816174726,0
TIM_THOMAS,20132014,0.0737503617510377,0.0737503617510377
ERIC_STAAL,20132014,0.0733398141289718,0.0733398141289718
DUNCAN_KEITH,20132014,0.0729260064025639,0.0729260064025639
DREW_STAFFORD,20132014,0.072833915436702,0.072833915436702
LANDON_WILSON,20082009,0.0727844830105595,0
MARC-EDOUARD_VLASIC,20132014,0.0725641701257178,0.0725641701257178
PETR_SYKORA,20112012,0.071693115412005,0
JONATHAN_BERNIER,20132014,0.071691799113737,0.071691799113737
JONI_PITKANEN,20122013,0.0716503790198724,0
RUSLAN_SALEI,20102011,0.071642893910713,0
KRISTIAN_HUSELIUS,20112012,0.0710335292969602,0
JEAN-PIERRE_DUMONT,20102011,0.0708218522123758,0
TONY_AMONTE,20062007,0.0707256143507839,0
VACLAV_PROSPAL,20122013,0.0706855826943872,0
KARI_LEHTONEN,20132014,0.0706129996223911,0.0706129996223911
JARRET_STOLL,20132014,0.0693673792523535,0.0693673792523535
RYAN_MILLER,20132014,0.068197307377747,0.068197307377747
KEITH_CARNEY,20072008,0.067187112668596,0
MATT_DUCHENE,20132014,0.067017143930289,0.067017143930289
ANDY_HILBERT,20092010,0.0662468642702741,0
TOMAS_VOKOUN,20122013,0.0660306057007059,0
VYACHESLAV_KOZLOV,20092010,0.0658917758877036,0
MAX_PACIORETTY,20132014,0.0642901791069897,0.0642901791069897
JAMIE_BENN,20132014,0.0639945208429749,0.0639945208429749
RYAN_SUTER,20132014,0.062298043095758,0.062298043095758
PASCAL_DUPUIS,20132014,0.0621600937940678,0.0621600937940678
MANNY_LEGACE,20092010,0.0619547919293988,0
DARIUS_KASPARAITIS,20062007,0.0615520829953413,0
STEPHANE_ROBIDAS,20132014,0.0609636323996694,0.0609636323996694
MARK_FAYNE,20132014,0.0603640434820762,0.0603640434820762
JOFFREY_LUPUL,20132014,0.0597672166030479,0.0597672166030479
JEFFREY_HAMILTON,20082009,0.057795287231087,0
MATT_COOKE,20132014,0.0567878799404617,0.0567878799404617
JASON_GARRISON,20132014,0.0560721663266157,0.0560721663266157
VALTTERI_FILPPULA,20132014,0.056062321731604,0.056062321731604
JOHNNY_ODUYA,20132014,0.0556534883257092,0.0556534883257092
DANIEL_PAILLE,20132014,0.055223807380002,0.055223807380002
MARTIN_BRODEUR,20132014,0.0549726831606937,0.0549726831606937
JONATHAN_CHEECHOO,20092010,0.0548972694143431,0
MARCUS_NILSON,20072008,0.0546814076436082,0
ANDREW_MACDONALD,20132014,0.0539143451482768,0.0539143451482768
BRENT_SEABROOK,20132014,0.0529190429080488,0.0529190429080488
DAVID_AEBISCHER,20072008,0.0522786390483913,0
VILLE_LEINO,20132014,0.0522120031658908,0.0522120031658908
JOHN-MICHAEL_LILES,20132014,0.0515836180153834,0.0515836180153834
BILL_GUERIN,20092010,0.0506569582665088,0
DREW_DOUGHTY,20132014,0.0497930519878669,0.0497930519878669
BRENDAN_GALLAGHER,20132014,0.049021094543586,0.049021094543586
TYLER_ENNIS,20132014,0.0478205464408179,0.0478205464408179
TOMAS_HOLMSTROM,20112012,0.0473819297683556,0
MIKE_JOHNSON,20072008,0.0465969564350044,0
COREY_CRAWFORD,20132014,0.046126879193364,0.046126879193364
TYLER_ARNASON,20082009,0.0460709408772535,0
MIKE_GREEN,20132014,0.0459123713864213,0.0459123713864213
OLEG_SAPRYKIN,20062007,0.0457676214273289,0
ERIC_DAZE,20052006,0.043060509909508,0
SAKU_KOIVU,20132014,0.042897205709327,0.042897205709327
CHRIS_KELLY,20132014,0.042771913868281,0.042771913868281
DEVIN_SETOGUCHI,20132014,0.0423577990542407,0.0423577990542407
ERIC_BOGUNIECKI,20052006,0.0422512401227919,0
RICH_PEVERLEY,20132014,0.0421859082617036,0.0421859082617036
JOHNNY_BOYCHUK,20132014,0.0420142916220487,0.0420142916220487
MATTHEW_BARNABY,20062007,0.0405810545660986,0
MARTIN_GERBER,20102011,0.040526185727841,0
JAKOB_SILFVERBERG,20132014,0.0397052724943403,0.0397052724943403
ANTON_BABCHUK,20122013,0.0389759095644245,0
IAN_COLE,20132014,0.0383397257284158,0.0383397257284158
TIM_CONNOLLY,20112012,0.0362182695497714,0
AL_MONTOYA,20132014,0.0348578625675338,0.0348578625675338
MANNY_MALHOTRA,20132014,0.0342891378517758,0.0342891378517758
BLAKE_WHEELER,20132014,0.0340186744263449,0.0340186744263449
COLIN_GREENING,20132014,0.0335607644966799,0.0335607644966799
JONATHAN_QUICK,20132014,0.0326362851684966,0.0326362851684966
JYRKI_LUMME,20022003,0.0321723417366982,0
DANIEL_BRIERE,20132014,0.0320142410928089,0.0320142410928089
DION_PHANEUF,20132014,0.0317805523470509,0.0438101179250328
DAVID_DESHARNAIS,20132014,0.0313677564469692,0.0313677564469692
MIKKEL_BOEDKER,20132014,0.0312629892293936,0.0312629892293936
AARON_JOHNSON,20122013,0.030876554832808,0
NIKLAS_HAGMAN,20112012,0.0300914867508166,0
COLBY_ARMSTRONG,20122013,0.0300402289927989,0
VILLE_KOISTINEN,20092010,0.0297995577360362,0
MARTIN_ST. LOUIS,20132014,0.0296692999784308,0.0296692999784308
WILLIE_MITCHELL,20132014,0.0294319448148323,0.0294319448148323
ROBERT_NILSSON,20092010,0.0290430160287336,0
P.A._PARENTEAU,20132014,0.0277550885574027,0.0277550885574027
PIERRE_TURGEON,20062007,0.0273042306851099,0
JAN_HRDINA,20052006,0.0270621732999954,0
TUUKKA_RASK,20132014,0.0262428896639398,0.0262428896639398
JAMES_WISNIEWSKI,20132014,0.0259349657362811,0.0259349657362811
TOMAS_KABERLE,20122013,0.0257336412555029,0
ANTTI_NIEMI,20132014,0.0257204082744878,0.0257204082744878
ANTOINE_VERMETTE,20132014,0.0253215529613699,0.0253215529613699
SERGEI_GONCHAR,20132014,0.0250657967562304,0.0250657967562304
ANTON_VOLCHENKOV,20132014,0.0248460895970885,0.0248460895970885
RYAN_MALONE,20132014,0.0246312726222212,0.0246312726222212
ILYA_BRYZGALOV,20132014,0.024113733106779,0.024113733106779
DEVAN_DUBNYK,20132014,0.0234039733252126,0.0234039733252126
DAINIUS_ZUBRUS,20132014,0.0230440222120586,0.0230440222120586
SCOTT_MELLANBY,20062007,0.0227769004703073,0
JASON_CHIMERA,20132014,0.0226464253448748,0.0226464253448748
CARLO_COLAIACOVO,20132014,0.0220520471696946,0.0220520471696946
SAMI_SALO,20132014,0.0220030080874945,0.0220030080874945
MICHAEL_SAUER,20112012,0.0217007435561591,0
BOBBY_HOLIK,20082009,0.0216377293882115,0
BRAD_RICHARDS,20132014,0.0216303548625448,0.0216303548625448
KIM_JOHNSSON,20092010,0.0209429301020056,0
DRAKE_BEREHOWSKY,20032004,0.0208731364725206,0
CORY_SCHNEIDER,20132014,0.0205365116843613,0.0205365116843613
TOMMY_SALO,20032004,0.0199196996440723,0
FILIP_KUBA,20122013,0.0199069978375699,0
BARRET_JACKMAN,20132014,0.0186733946932778,0.0186733946932778
MARTY_TURCO,20112012,0.018209396898834,0
MIKE_MODANO,20102011,0.0180879439996652,0
MIKE_FISHER,20132014,0.0178769199826819,0.0178769199826819
JORDAN_STAAL,20132014,0.0171875956002371,0.0171875956002371
EVGENY_ARTYUKHIN,20092010,0.0171652956180545,0
MARKUS_NASLUND,20082009,0.0169830961804372,0
SEAN_COUTURIER,20132014,0.016700239511116,0.016700239511116
MATT_READ,20132014,0.0165414901940361,0.0165414901940361
RENE_BOURQUE,20132014,0.0162376555051403,0.0162376555051403
MARC-ANDRE_FLEURY,20132014,0.0161069028750656,0.0161069028750656
JOHN_GRAHAME,20072008,0.0156082950720783,0
DAVID_SCHLEMKO,20132014,0.0148863116632732,0.0148863116632732
SAM_GAGNER,20132014,0.0146138351730844,0.0146138351730844
RYANE_CLOWE,20132014,0.0144459898895932,0.0144459898895932
PAVEL_KUBINA,20112012,0.0144355157932629,0
CRAIG_CONROY,20102011,0.0116414940666619,0
RANDY_JONES,20112012,0.0112974876843141,0
ADRIAN_AUCOIN,20122013,0.0112237574802317,0
RADEK_DVORAK,20132014,0.0112203030198903,0.0112203030198903
CURTIS_JOSEPH,20082009,0.0108129020599743,0
MASON_RAYMOND,20132014,0.0107824873060269,0.0107824873060269
MARC-ANTOINE_POULIOT,20112012,0.0104769828717639,0
MARC-ANDRE_BERGERON,20122013,0.0103504336307349,0
NIKLAS_HJALMARSSON,20132014,0.0102645874287678,0.0102645874287678
ERIK_JOHNSON,20132014,0.0101587495912821,0.221829375692498
ANDY_MCDONALD,20122013,0.0100783615108402,0
PAUL_MARTIN,20132014,0.00989127041700938,0.00989127041700938
JOSH_GORGES,20132014,0.00914336057965528,0.00914336057965528
KRIS_LETANG,20132014,0.00881710499345945,0.00881710499345945
JIMMY_HOWARD,20132014,0.00873827186367084,0.00873827186367084
GARY_ROBERTS,20082009,0.00823300959917869,0
JEAN-SEBASTIEN_GIGUERE,20132014,0.00788813210811481,0.00788813210811481
MATS_ZUCCARELLO,20132014,0.0063938293804336,0.0063938293804336
EVGENI_NABOKOV,20132014,0.00613519038533752,0.00613519038533752
CORY_STILLMAN,20102011,0.0060033636257162,0
NIKOLAI_KHABIBULIN,20132014,0.00586589788548752,0.00586589788548752
DMITRI_KALININ,20082009,0.00581900850036457,0
RICHARD_ZEDNIK,20082009,0.00553445901226506,0
JASON_WOOLLEY,20052006,0.00441502082820393,0
TOM_GILBERT,20132014,0.00416119845453892,0.00416119845453892
PATRICK_MARLEAU,20132014,0.00390791169326554,0.00390791169326554
JAMES_NEAL,20132014,0.00363497435204712,0.00363497435204712
DAVID_BOOTH,20132014,0.00362333584111041,0.00362333584111041
DAN_HAMHUIS,20132014,0.0027329127298838,0.0027329127298838
WES_WALZ,20072008,0.00251216867757674,0
RANDY_ROBITAILLE,20072008,0.00209441413113686,0
JASON_DEMERS,20132014,0.00148057647909203,0.00148057647909203
RICK_DIPIETRO,20122013,0.00141429548048098,0
SCOTT_NIEDERMAYER,20092010,0.00132728588651344,0
RYAN_CALLAHAN,20132014,0.000853773697412478,0.000853773697412478
DANIEL_WINNIK,20132014,0.000709877534436288,0.000709877534436288
MARK_PARRISH,20102011,0.000582594014429129,0
BEN_BISHOP,20132014,0,0.0971832347043259
AARON_DOWNEY,20082009,0,0
AARON_GAGNON,20122013,0,0
AARON_GAVEY,20022003,0,0
AARON_MACKENZIE,20082009,0,0
AARON_NESS,20132014,0,0
AARON_PALUSHAJ,20122013,0,0
AARON_VOLPATTI,20132014,0,0
ADAM_ALMQUIST,20132014,0,0
ADAM_BERKHOEL,20052006,0,0
ADAM_BURISH,20122013,0,0
ADAM_CRACKNELL,20132014,0,0
ADAM_DEADMARSH,20022003,0,0
ADAM_GRAVES,20022003,0,0
ADAM_HAUSER,20052006,0,0
ADAM_LARSSON,20132014,0,0
ADAM_MAIR,20102011,0,0
ADAM_MUNRO,20052006,0,0
ADAM_OATES,20032004,0,0
ADAM_PARDY,20132014,0,0
ADAM_PINEAULT,20072008,0,0
AKIM_ALIU,20122013,0,0
ALAIN_NASREDDINE,20072008,0,0
ALAN_LETANG,20022003,0,0
ALEC_MARTINEZ,20132014,0,0
ALEKSANDER_BARKOV,20132014,0,0
ALEKSANDER_SUGLOBOV,20062007,0,0
ALEKSEY_MOROZOV,20032004,0,0
ALES_KOTALIK,20102011,0,0
ALES_PISA,20022003,0,0
ALEXANDER_BROOKS,20062007,0,0
ALEXANDER_BURMISTROV,20122013,0,0
ALEXANDER_KHAVANOV,20052006,0,0
ALEXANDER_KOROLYUK,20032004,0,0
ALEXANDER_MOGILNY,20052006,0,0
ALEXANDER_NIKULIN,20082009,0,0
ALEXANDER_PECHURSKI,20092010,0,0
ALEXANDER_PEREZHOGIN,20062007,0,0
ALEXANDER_SALAK,20092010,0,0
ALEXANDER_SULZER,20132014,0,0
ALEXANDER_SVITOV,20062007,0,0
ALEXANDER_URBOM,20132014,0,0
ALEXANDER_VASYUNOV,20102011,0,0
ALEXANDRE_BOLDUC,20122013,0,0
ALEXANDRE_DAIGLE,20052006,0,0
ALEXANDRE_GIROUX,20112012,0,0
ALEXANDRE_PICARD,20092010,0,0
ALEXANDRE R._PICARD,20112012,0,0
ALEX_CHIASSON,20132014,0,0
ALEXEI_KAIGORODOV,20062007,0,0
ALEXEI_SEMENOV,20082009,0,0
ALEXEI_SMIRNOV,20032004,0,0
ALEXEI_YASHIN,20062007,0,0
ALEXEI_ZHAMNOV,20052006,0,0
ALEXEI_ZHITNIK,20072008,0,0
ALEX_GALCHENYUK,20132014,0,0
ALEX_HENRY,20082009,0,0
ALEX_KILLORN,20132014,0,0
ALEX_PETROVIC,20122013,0,0
ALEX_PLANTE,20112012,0,0
ALEX_STALOCK,20132014,0,0
ALLAN_ROURKE,20072008,0,0
ALLEN_YORK,20112012,0,0
AL_MACINNIS,20032004,0,0
ALYN_MCCAULEY,20062007,0,0
ANDERS_ERIKSSON,20092010,0,0
ANDERS_LEE,20122013,0,0
ANDERS_LINDBACK,20132014,0,0
ANDERS_MYRVOLD,20032004,0,0
ANDERS_NILSSON,20132014,0,0
ANDREAS_DACKELL,20032004,0,0
ANDREAS_ENGQVIST,20112012,0,0
ANDREAS_JOHANSSON,20032004,0,0
ANDREAS_KARLSSON,20072008,0,0
ANDREAS_NODL,20122013,0,0
ANDREAS_SALOMONSSON,20022003,0,0
ANDREAS_THURESSON,20102011,0,0
ANDRE_BENOIT,20132014,0,0
ANDRE_DEVEAUX,20112012,0,0
ANDREI_LOKTIONOV,20132014,0,0
ANDREI_NAZAROV,20052006,0,0
ANDREI_NIKOLISHIN,20032004,0,0
ANDREJ_MESZAROS,20132014,0,0
ANDREJ_NEDOROST,20032004,0,0
ANDREJ_PODKONICKY,20032004,0,0
ANDREJ_SEKERA,20132014,0,0
ANDREJ_SUSTR,20132014,0,0
ANDRE_ROY,20082009,0,0
ANDRE_SAVAGE,20022003,0,0
ANDREW_BODNARCHUK,20092010,0,0
ANDREW_CASSELS,20052006,0,0
ANDREW_DESJARDINS,20132014,0,0
ANDREW_EBBETT,20132014,0,0
ANDREW_GORDON,20122013,0,0
ANDREW_HUTCHINSON,20102011,0,0
ANDREW_MURRAY,20112012,0,0
ANDREW_SHAW,20132014,0,0
ANDREY_ZUBAREV,20102011,0,0
ANDY_BERENZWEIG,20022003,0,0
ANDY_CHIODO,20032004,0,0
ANDY_MIELE,20132014,0,0
ANDY_ROACH,20052006,0,0
ANDY_WOZNIEWSKI,20092010,0,0
ANSON_CARTER,20062007,0,0
ANSSI_SALMELA,20102011,0,0
ANTERO_NIITTYMAKI,20102011,0,0
ANTHONY_PELUSO,20132014,0,0
ANTHONY_STEWART,20112012,0,0
ANTOINE_ROUSSEL,20132014,0,0
ANTON_BELOV,20132014,0,0
ANTON_KHUDOBIN,20132014,0,0
ANTON_LANDER,20132014,0,0
ANTON_STRALMAN,20132014,0,0
ANTTI_MIETTINEN,20122013,0,0
ANTTI_PIHLSTROM,20082009,0,0
ANTTI_RAANTA,20132014,0,0
ARIS_BRIMANIS,20032004,0,0
ARRON_ASHAM,20132014,0,0
ARTEM_ANISIMOV,20132014,0,0
ARTEM_CHUBAROV,20032004,0,0
ARTURS_IRBE,20032004,0,0
ARTURS_KULDA,20112012,0,0
AUSTIN_WATSON,20122013,0,0
BARRY_BRUST,20062007,0,0
BARRY_TALLACKSON,20082009,0,0
BATES_BATTAGLIA,20062007,0,0
BEAU_BENNETT,20132014,0,0
BEN_CLYMER,20062007,0,0
BEN_EAGER,20132014,0,0
BEN_GUITE,20092010,0,0
BEN_HANOWSKI,20122013,0,0
BEN_HOLMSTROM,20112012,0,0
BENJAMIN_ONDRUS,20082009,0,0
BENJAMIN_SIMON,20052006,0,0
BEN_MAXWELL,20112012,0,0
BENN_FERRIERO,20122013,0,0
BENOIT_DUSABLON,20032004,0,0
BENOIT_GRATTON,20032004,0,0
BEN_ONDRUS,20062007,0,0
BEN_SCRIVENS,20132014,0,0
BEN_SMITH,20132014,0,0
BEN_STREET,20132014,0,0
BEN_WALTER,20082009,0,0
BILL_HOULDER,20022003,0,0
BILL_LINDSAY,20032004,0,0
BILL_MUCKALT,20022003,0,0
BILL_SWEATT,20122013,0,0
BILL_THOMAS,20112012,0,0
BILLY_TIBBETTS,20022003,0,0
BJORN_MELIN,20062007,0,0
BLAIR_JONES,20132014,0,0
BLAKE_COMEAU,20132014,0,0
BLAKE_GEOFFRION,20112012,0,0
BLAKE_SLOAN,20032004,0,0
BOB_BOUGHNER,20052006,0,0
BOBBY_ALLEN,20072008,0,0
BOBBY_BUTLER,20122013,0,0
BOBBY_SANGUINETTI,20122013,0,0
BOONE_JENNER,20132014,0,0
BORIS_MIRONOV,20032004,0,0
BORIS_VALABIK,20092010,0,0
BOYD_DEVEREAUX,20082009,0,0
BOYD_KANE,20092010,0,0
BRACKEN_KEARNS,20122013,0,0
BRAD_BOMBARDIR,20032004,0,0
BRAD_BROWN,20032004,0,0
BRAD_CHARTRAND,20032004,0,0
BRAD_DEFAUW,20022003,0,0
BRADEN_HOLTBY,20132014,0,0
BRAD_FAST,20032004,0,0
BRAD_ISBISTER,20072008,0,0
BRAD_LEEB,20032004,0,0
BRAD_LUKOWICH,20102011,0,0
BRAD_MALONE,20132014,0,0
BRAD_MAY,20092010,0,0
BRAD_MILLS,20132014,0,0
BRAD_MORAN,20062007,0,0
BRAD_NORTON,20062007,0,0
BRAD_SMYTH,20022003,0,0
BRAD_STAUBITZ,20122013,0,0
BRAD_TAPPER,20022003,0,0
BRAD_THIESSEN,20112012,0,0
BRADY_MURRAY,20072008,0,0
BRANDON_BOCHENSKI,20092010,0,0
BRANDON_BOLLIG,20132014,0,0
BRANDON_MANNING,20122013,0,0
BRANDON_MASHINTER,20132014,0,0
BRANDON_MCMILLAN,20122013,0,0
BRANDON_NOLAN,20072008,0,0
BRANDON_PIRRI,20132014,0,0
BRANDON_PRUST,20132014,0,0
BRANDON_REID,20062007,0,0
BRANDON_SAAD,20132014,0,0
BRANDON_SEGAL,20112012,0,0
BRANDON_SMITH,20022003,0,0
BRANDON_YIP,20132014,0,0
BRANISLAV_MEZEI,20072008,0,0
BRAYDEN_MCNABB,20132014,0,0
BRAYDEN_SCHENN,20132014,0,0
BRAYDON_COBURN,20132014,0,0
BRENDAN_BELL,20112012,0,0
BRENDAN_SMITH,20132014,0,0
BRENDEN_DILLON,20132014,0,0
BRENDON_NASH,20102011,0,0
BRENT_BURNS,20132014,0,0
BRENT_GILCHRIST,20022003,0,0
BRENT_KRAHN,20082009,0,0
BRENT_SOPEL,20102011,0,0
BRET_HEDICAN,20082009,0,0
BRETT_BELLEMORE,20132014,0,0
BRETT_BULMER,20112012,0,0
BRETT_CARSON,20122013,0,0
BRETT_CONNOLLY,20132014,0,0
BRETT_FESTERLING,20112012,0,0
BRETT_LEBDA,20112012,0,0
BRETT_MACLEAN,20112012,0,0
BRETT_MCLEAN,20082009,0,0
BRETT_SKINNER,20082009,0,0
BRETT_STERLING,20112012,0,0
BRETT_SUTTER,20132014,0,0
BRIAN_EKLUND,20052006,0,0
BRIAN_FAHEY,20102011,0,0
BRIAN_FINLEY,20062007,0,0
BRIAN_FLYNN,20132014,0,0
BRIAN_FOSTER,20112012,0,0
BRIAN_GIBBONS,20132014,0,0
BRIAN_LEETCH,20052006,0,0
BRIAN_MCGRATTAN,20132014,0,0
BRIAN_POTHIER,20092010,0,0
BRIAN_SALCIDO,20082009,0,0
BRIAN_SAVAGE,20052006,0,0
BRIAN_STRAIT,20132014,0,0
BRIAN_SUTHERBY,20102011,0,0
BRIAN_SWANSON,20022003,0,0
BRIAN_WILLSIE,20102011,0,0
BROCK_NELSON,20132014,0,0
BROCK_TROTTER,20092010,0,0
BROOKS_LAICH,20132014,0,0
BRYAN_HELMER,20082009,0,0
BRYAN_MARCHMENT,20052006,0,0
BRYAN_MUIR,20062007,0,0
BRYAN_RODNEY,20112012,0,0
BRYAN_SMOLINSKI,20072008,0,0
BRYAN_YOUNG,20072008,0,0
BRYCE_LAMPMAN,20052006,0,0
BURKE_HENRY,20032004,0,0
BYRON_BITZ,20112012,0,0
CADE_FAIRCHILD,20112012,0,0
CAL_CLUTTERBUCK,20132014,0,0
CALLE_JOHANSSON,20032004,0,0
CAL_O'REILLY,20112012,0,0
CALVIN_DE HAAN,20132014,0,0
CAMERON_GAUNCE,20102011,0,0
CAMERON_MANN,20022003,0,0
CAMERON_SCHILLING,20122013,0,0
CAM_PADDOCK,20082009,0,0
CAM_SEVERSON,20032004,0,0
CAM_TALBOT,20132014,0,0
CAREY_PRICE,20132014,0,0
CARL_CORAZZINI,20062007,0,0
CARL_GUNNARSSON,20132014,0,0
CARL_KLINGBERG,20112012,0,0
CARL_SNEEP,20112012,0,0
CARL_SODERBERG,20132014,0,0
CARSEN_GERMYN,20052006,0,0
CARSON_MCMILLAN,20112012,0,0
CARTER_ASHTON,20132014,0,0
CARTER_CAMPER,20112012,0,0
CARTER_HUTTON,20132014,0,0
CASEY_BORER,20092010,0,0
CASEY_CIZIKAS,20132014,0,0
CASEY_HANKINSON,20032004,0,0
CASEY_WELLMAN,20112012,0,0
CEDRICK_DESJARDINS,20122013,0,0
CHAD_BILLINS,20132014,0,0
CHAD_JOHNSON,20132014,0,0
CHAD_KOLARIK,20102011,0,0
CHAD_RAU,20112012,0,0
CHAD_RUHWEDEL,20122013,0,0
CHAD_WISEMAN,20052006,0,0
CHARLES_LINGLET,20092010,0,0
CHARLIE_COYLE,20132014,0,0
CHARLIE_STEPHENS,20032004,0,0
CHAY_GENOWAY,20112012,0,0
CHRIS_ARMSTRONG,20032004,0,0
CHRIS_BECKFORD-TSEU,20072008,0,0
CHRIS_BOURQUE,20122013,0,0
CHRIS_BUTLER,20132014,0,0
CHRIS_CAMPOLI,20112012,0,0
CHRIS_CLARK,20102011,0,0
CHRIS_CONNER,20132014,0,0
CHRIS_DRURY,20102011,0,0
CHRIS_DURNO,20092010,0,0
CHRIS_GRATTON,20082009,0,0
CHRIS_HAJT,20032004,0,0
CHRIS_HERPERGER,20022003,0,0
CHRIS_HIGGINS,20132014,0,0
CHRIS_HOLT,20082009,0,0
CHRIS_KREIDER,20132014,0,0
CHRIS_MASON,20122013,0,0
CHRIS_MCALLISTER,20032004,0,0
CHRIS_MCALPINE,20022003,0,0
CHRIS_MUELLER,20122013,0,0
CHRIS_O'SULLIVAN,20022003,0,0
CHRIS_PORTER,20122013,0,0
CHRIS_SCHMIDT,20022003,0,0
CHRIS_STEWART,20132014,0,0
CHRIS_SUMMERS,20122013,0,0
CHRIS_TAMER,20032004,0,0
CHRIS_TAYLOR,20032004,0,0
CHRIS_TERRY,20132014,0,0
CHRIS_THERIEN,20052006,0,0
CHRIS_THORBURN,20132014,0,0
CHRISTIAN_BERGLUND,20032004,0,0
CHRISTIAN_HANSON,20092010,0,0
CHRISTIAN_LAFLAMME,20032004,0,0
CHRISTOPH_BRANDNER,20032004,0,0
CHRISTOPHER_BREEN,20132014,0,0
CHRISTOPHER_MINARD,20092010,0,0
CHRISTOPHER_TANEV,20132014,0,0
CHRISTOPH_SCHUBERT,20092010,0,0
CHRIS_VANDEVELDE,20122013,0,0
CHUCK_KOBASEW,20132014,0,0
CLAUDE_LAPOINTE,20032004,0,0
CLAUDE_LEMIEUX,20082009,0,0
CLAYTON_STONER,20132014,0,0
CLAY_WILSON,20112012,0,0
CLIFF_RONNING,20032004,0,0
CODY_ALMOND,20112012,0,0
CODY_BASS,20112012,0,0
CODY_CECI,20132014,0,0
CODY_EAKIN,20132014,0,0
CODY_GOLOUBEF,20122013,0,0
CODY_HODGSON,20132014,0,0
CODY_MCCORMICK,20132014,0,0
CODY_MCLEOD,20132014,0,0
COLBY_COHEN,20102011,0,0
COLBY_ROBAK,20122013,0,0
COLE_JARRETT,20052006,0,0
COLIN_FORBES,20052006,0,0
COLIN_FRASER,20132014,0,0
COLIN_HEMINGWAY,20052006,0,0
COLIN_MCDONALD,20132014,0,0
COLIN_STUART,20112012,0,0
COLIN_WHITE,20112012,0,0
COLTEN_TEUBERT,20112012,0,0
COLTON_GILLIES,20122013,0,0
COLTON_SCEVIOUR,20122013,0,0
CONNOR_CARRICK,20132014,0,0
CONNOR_JAMES,20072008,0,0
CONNOR_MURPHY,20132014,0,0
COREY_ELKINS,20092010,0,0
COREY_HIRSCH,20022003,0,0
COREY_LOCKE,20102011,0,0
COREY_POTTER,20132014,0,0
COREY_SCHWAB,20032004,0,0
COREY_TROPP,20132014,0,0
CORY_CONACHER,20132014,0,0
CORY_CROSS,20052006,0,0
CORY_EMMERTON,20132014,0,0
CORY_LAROSE,20032004,0,0
CORY_MURPHY,20092010,0,0
CORY_SARICH,20132014,0,0
CRAIG_BERUBE,20022003,0,0
CRAIG_BILLINGTON,20022003,0,0
CRAIG_DARBY,20032004,0,0
CRAIG_MACDONALD,20082009,0,0
CRAIG_SMITH,20132014,0,0
CRAIG_WELLER,20082009,0,0
CRISTOBAL_HUET,20092010,0,0
CRISTOPHER_NILSTORP,20122013,0,0
CURTIS_BROWN,20072008,0,0
CURTIS_MCELHINNEY,20132014,0,0
CURTIS_SANFORD,20112012,0,0
DALE_PURINTON,20032004,0,0
DALE_WEISE,20132014,0,0
DALTON_PROUT,20132014,0,0
DAMIAN_SURMA,20032004,0,0
DAMIEN_BRUNNER,20132014,0,0
DANA_TYRELL,20122013,0,0
DAN_BLACKBURN,20022003,0,0
DAN_BYLSMA,20032004,0,0
DAN_CARCILLO,20132014,0,0
DAN_CLOUTIER,20072008,0,0
DANE_BYERS,20112012,0,0
DAN_ELLIS,20132014,0,0
DAN_FOCHT,20032004,0,0
DAN_FRITSCHE,20082009,0,0
DAN_HINOTE,20082009,0,0
DANIEL_BANG,20122013,0,0
DANIEL_CLEARY,20132014,0,0
DANIEL_GIRARDI,20132014,0,0
DANIEL_LACOSTA,20082009,0,0
DANIEL_TAYLOR,20122013,0,0
DANIEL_TJARNQVIST,20082009,0,0
DAN_JANCEVSKI,20082009,0,0
DAN_LACOUTURE,20082009,0,0
DANNY_DEKEYSER,20132014,0,0
DANNY_IRMEN,20092010,0,0
DANNY_MARKOV,20062007,0,0
DANNY_RICHMOND,20072008,0,0
DANNY_SYVRET,20102011,0,0
DAN_SEXTON,20102011,0,0
DAN_SMITH,20052006,0,0
DAN_SNYDER,20022003,0,0
DARCY_HORDICHUK,20122013,0,0
DARCY_KUEMPER,20132014,0,0
DARCY_TUCKER,20092010,0,0
DARCY_VEROT,20032004,0,0
DARREL_SCOVILLE,20032004,0,0
DARREN_ARCHIBALD,20132014,0,0
DARREN_HAYDAR,20072008,0,0
DARREN_HELM,20132014,0,0
DARREN_LANGDON,20052006,0,0
DARREN_MCCARTY,20082009,0,0
DARREN_REID,20062007,0,0
DARREN_RUMBLE,20032004,0,0
DARRYL_BOOTLAND,20072008,0,0
DARRYL_BOYCE,20112012,0,0
DARRYL_SYDOR,20092010,0,0
DAVE_ANDREYCHUK,20052006,0,0
DAVE_DZIURZYNSKI,20122013,0,0
DAVE_KARPA,20022003,0,0
DAVE_LOWRY,20032004,0,0
DAVE_SCATCHARD,20102011,0,0
DAVID_BRINE,20072008,0,0
DAVID_BROLL,20132014,0,0
DAVID_CLARKSON,20132014,0,0
DAVID_GOVE,20052006,0,0
DAVID_HALE,20102011,0,0
DAVID_JONES,20132014,0,0
DAVID_KOCI,20102011,0,0
DAVID_LALIBERTE,20092010,0,0
DAVID_LENEVEU,20102011,0,0
DAVID_LIFFITON,20102011,0,0
DAVID_LING,20032004,0,0
DAVID_MCINTYRE,20112012,0,0
DAVID_MOSS,20132014,0,0
DAVID_OLIVER,20052006,0,0
DAVID_PRINTZ,20062007,0,0
DAVID_SAVARD,20132014,0,0
DAVID_TANABE,20072008,0,0
DAVID_ULLSTROM,20122013,0,0
DAVID_VAN DER GULIK,20122013,0,0
DAVIS_DREWISKE,20122013,0,0
DEAN_ARSENE,20092010,0,0
DENIS_GREBESHKOV,20132014,0,0
DENIS_HAMEL,20062007,0,0
DENIS_PEDERSON,20022003,0,0
DENIS_SHVIDKI,20022003,0,0
DENIS_TOLPEKO,20072008,0,0
DENNIS_BONVIE,20022003,0,0
DENNIS_WIDEMAN,20132014,0,0
DEREK_ARMSTRONG,20092010,0,0
DEREK_BOOGAARD,20102011,0,0
DEREK_GRANT,20132014,0,0
DEREK_JOSLIN,20122013,0,0
DEREK_PELTIER,20092010,0,0
DEREK_SMITH,20132014,0,0
DERIAN_HATCHER,20072008,0,0
DERICK_BRASSARD,20132014,0,0
DERRICK_WALSER,20062007,0,0
DERYK_ENGELLAND,20132014,0,0
DEVANTE_SMITH-PELLY,20132014,0,0
DIETER_KOCHAN,20022003,0,0
DIMITRI_PATZOLD,20072008,0,0
DIXON_WARD,20022003,0,0
D.J._KING,20102011,0,0
D.J._SMITH,20022003,0,0
DMITRI_BYKOV,20022003,0,0
DMITRIJ_JASKIN,20122013,0,0
DMITRY_KULIKOV,20132014,0,0
DMITRY_ORLOV,20132014,0,0
DMITRY_YUSHKEVICH,20022003,0,0
DONALD_AUDETTE,20032004,0,0
DONALD_BRASHEAR,20092010,0,0
DON_MACLEAN,20062007,0,0
DON_SWEENEY,20032004,0,0
DOUG_DOULL,20052006,0,0
DOUG_GILMOUR,20022003,0,0
DOUG_HOUDA,20022003,0,0
DOUGIE_HAMILTON,20132014,0,0
DOUG_JANIK,20112012,0,0
DOUG_MURRAY,20062007,0,0
DRAYSON_BOWMAN,20132014,0,0
DREW_BAGNALL,20102011,0,0
DREW_FATA,20072008,0,0
DREW_LARMAN,20092010,0,0
DREW_LEBLANC,20122013,0,0
DREW_MACINTYRE,20112012,0,0
DREW_MILLER,20132014,0,0
DREW_SHORE,20132014,0,0
DUNCAN_MILROY,20062007,0,0
DUSTIN_BYFUGLIEN,20132014,0,0
DUSTIN_JEFFREY,20132014,0,0
DUSTIN_KOHN,20092010,0,0
DUSTIN_TOKARSKI,20112012,0,0
DUVIE_WESTCOTT,20072008,0,0
DWAYNE_ROLOSON,20112012,0,0
DWAYNE_ZINGER,20032004,0,0
DWIGHT_HELMINEN,20092010,0,0
DWIGHT_KING,20132014,0,0
DYLAN_MCILRATH,20132014,0,0
DYLAN_OLSEN,20132014,0,0
DYLAN_REESE,20122013,0,0
EDDIE_LACK,20132014,0,0
ED_JOVANOVSKI,20122013,0,0
ELIAS_LINDHOLM,20132014,0,0
EMERSON_ETEM,20132014,0,0
ERIC_BEAUDOIN,20032004,0,0
ERIC_BOULTON,20132014,0,0
ERIC_CHOUINARD,20032004,0,0
ERIC_GELINAS,20132014,0,0
ERIC_GODARD,20102011,0,0
ERIC_GRYBA,20132014,0,0
ERIC_LINDROS,20062007,0,0
ERIC_MANLOW,20032004,0,0
ERIC_MELOCHE,20062007,0,0
ERIC_MESSIER,20032004,0,0
ERIC_NICKULAS,20052006,0,0
ERIC_PERRIN,20082009,0,0
ERIC_SELLECK,20122013,0,0
ERIC_TANGRADI,20132014,0,0
ERIC_WELLWOOD,20112012,0,0
ERIK_CHRISTENSEN,20112012,0,0
ERIK_CONDRA,20132014,0,0
ERIK_ERSBERG,20092010,0,0
ERIK_HAULA,20132014,0,0
ERIK_KARLSSON,20132014,0,0
ERIK_RASMUSSEN,20062007,0,0
ERIK_REITZ,20082009,0,0
ERIK_WESTRUM,20062007,0,0
ESA_PIRNES,20032004,0,0
ESPEN_KNUTSEN,20032004,0,0
EVAN_BROPHEY,20112012,0,0
EVAN_OBERG,20112012,0,0
EVGENY_DADONOV,20112012,0,0
EVGENY_GRACHEV,20112012,0,0
FABIAN_BRUNNSTROM,20112012,0,0
FEDOR_FEDOROV,20052006,0,0
FEDOR_TYUTIN,20132014,0,0
FELIX_POTVIN,20032004,0,0
FILIP_FORSBERG,20132014,0,0
FILIP_NOVAK,20062007,0,0
FRANCIS_LESSARD,20102011,0,0
FRANCIS_WATHIER,20102011,0,0
FRANK_CORRADO,20122013,0,0
FRANTISEK_KABERLE,20082009,0,0
FRAZER_MCLAREN,20132014,0,0
FRED_BRATHWAITE,20032004,0,0
FREDDIE_HAMILTON,20132014,0,0
FREDERIC_CASSIVI,20062007,0,0
FREDERICK_MEYER,20102011,0,0
FREDERIK_ANDERSEN,20132014,0,0
FREDRIK_NORRENA,20082009,0,0
FREDRIK_OLAUSSON,20022003,0,0
GABE_GAUTHIER,20062007,0,0
GABRIEL_BOURQUE,20132014,0,0
GABRIEL_DUMONT,20122013,0,0
GARNET_EXELBY,20092010,0,0
GARRET_STROSHEIN,20032004,0,0
GARRETT_BURNETT,20032004,0,0
GARRETT_STAFFORD,20102011,0,0
GARTH_SNOW,20052006,0,0
GEOFF_KINRADE,20082009,0,0
GEOFF_PLATT,20072008,0,0
GEOFF_SANDERSON,20072008,0,0
GEORGE_PARROS,20132014,0,0
GEORGES_LARAQUE,20092010,0,0
GERALD_COLEMAN,20052006,0,0
GILBERT_BRULE,20112012,0,0
GLEN_METROPOLIT,20092010,0,0
GLEN_WESLEY,20072008,0,0
GORAN_BEZINA,20032004,0,0
GORDIE_DWYER,20022003,0,0
GRAHAM_MINK,20032004,0,0
GRANT_CLITSOME,20132014,0,0
GRANT_LEWIS,20082009,0,0
GRANT_MARSHALL,20052006,0,0
GRANT_STEVENSON,20052006,0,0
GREG_CLASSEN,20022003,0,0
GREG_DE VRIES,20082009,0,0
GREG_JACINA,20062007,0,0
GREG_JOHNSON,20052006,0,0
GREG_MAULDIN,20102011,0,0
GREG_MOORE,20072008,0,0
GREG_NEMISZ,20112012,0,0
GREGORY_STEWART,20092010,0,0
GREG_PATERYN,20122013,0,0
GREG_RALLO,20122013,0,0
GREG_ZANON,20122013,0,0
GUILLAUME_DESBIENS,20112012,0,0
GUILLAUME_LATENDRESSE,20122013,0,0
GUILLAUME_LEFEBVRE,20052006,0,0
GUSTAV_NYQUIST,20132014,0,0
HAMPUS_LINDHOLM,20132014,0,0
HANNES_HYVONEN,20022003,0,0
HANS_JONSSON,20022003,0,0
HAROLD_DRUKEN,20032004,0,0
HARRI_PESONEN,20122013,0,0
HARRY_ZOLNIERCZYK,20122013,0,0
HENRIK_KARLSSON,20112012,0,0
HENRIK_TALLINDER,20132014,0,0
HUGH_JESSIMAN,20102011,0,0
IAN_LAPERRIERE,20092010,0,0
IAN_MACNEIL,20022003,0,0
IAN_MORAN,20062007,0,0
IGOR_KRAVCHUK,20022003,0,0
IGOR_LARIONOV,20032004,0,0
IGOR_RADULOV,20032004,0,0
IGOR_ULANOV,20052006,0,0
IIRO_TARKKI,20112012,0,0
ILJA_ZUBOV,20082009,0,0
ILKKA_HEIKKINEN,20092010,0,0
ILKKA_PIKKARAINEN,20092010,0,0
IVAN_BARANKA,20072008,0,0
IVAN_CIERNIK,20032004,0,0
IVAN_HUML,20032004,0,0
IVAN_NOVOSELTSEV,20032004,0,0
IVAN_VISHNEVSKIY,20092010,0,0
JACK_HILLEN,20132014,0,0
JACK_SKILLE,20132014,0,0
JACOB_JOSEFSON,20132014,0,0
JACOB_MARKSTROM,20132014,0,0
JACOB_TROUBA,20132014,0,0
JADEN_SCHWARTZ,20132014,0,0
JAIME_SIFERS,20092010,0,0
JAKE_ALLEN,20122013,0,0
JAKE_DOWELL,20112012,0,0
JAKE_GARDINER,20132014,0,0
JAKE_MUZZIN,20132014,0,0
JAKUB_CUTTA,20032004,0,0
JAKUB_KINDL,20132014,0,0
JAKUB_KLEPIS,20062007,0,0
JAKUB_PETRUZALEK,20082009,0,0
JAME_POLLOCK,20032004,0,0
JAMES_PATRICK,20032004,0,0
JAMES_SHEPPARD,20132014,0,0
JAMES_VAN RIEMSDYK,20132014,0,0
JAMES_WRIGHT,20132014,0,0
JAMES_WYMAN,20122013,0,0
JAMIE_ARNIEL,20102011,0,0
JAMIE_DEVANE,20132014,0,0
JAMIE_DOORNBOSCH,20102011,0,0
JAMIE_FRITSCH,20082009,0,0
JAMIE_HEWARD,20082009,0,0
JAMIE_LANGENBRUNNER,20122013,0,0
JAMIE_LUNDMARK,20092010,0,0
JAMIE_MCBAIN,20132014,0,0
JAMIE_MCGINN,20132014,0,0
JAMIE_MCLENNAN,20062007,0,0
JAMIE_OLEKSIAK,20132014,0,0
JAMIE_RIVERS,20062007,0,0
JAMIE_STORR,20032004,0,0
JAMIE_WRIGHT,20022003,0,0
JAN_HEJDA,20132014,0,0
JAN_HLAVAC,20072008,0,0
JANI_HURME,20022003,0,0
JANI_RITA,20052006,0,0
JANIS_SPRUKTS,20062007,0,0
JAN_LASAK,20022003,0,0
JAN_MURSAK,20112012,0,0
JANNE_LAUKKANEN,20022003,0,0
JANNE_NISKALA,20082009,0,0
JANNE_PESONEN,20082009,0,0
JARED_AULIN,20022003,0,0
JARED_COWEN,20132014,0,0
JARED_ROSS,20092010,0,0
JARED_SPURGEON,20132014,0,0
JARED_STAAL,20122013,0,0
JARKKO_IMMONEN,20062007,0,0
JARKKO_RUUTU,20102011,0,0
JARNO_KULTANEN,20022003,0,0
JAROD_PALMER,20112012,0,0
JAROSLAV_BALASTIK,20062007,0,0
JAROSLAV_BEDNAR,20032004,0,0
JAROSLAV_HLINKA,20072008,0,0
JAROSLAV_KRISTEK,20022003,0,0
JAROSLAV_MODRY,20072008,0,0
JAROSLAV_SVOBODA,20052006,0,0
JARRED_TINORDI,20132014,0,0
JASON_AKESON,20122013,0,0
JASON_ALLISON,20052006,0,0
JASON_BACASHIHUA,20062007,0,0
JASON_BOTTERILL,20032004,0,0
JASON_DOIG,20032004,0,0
JASON_HOLLAND,20032004,0,0
JASON_JAFFRAY,20112012,0,0
JASON_JASPERS,20032004,0,0
JASON_KING,20072008,0,0
JASON_KROG,20082009,0,0
JASON_MACDONALD,20032004,0,0
JASON_MARSHALL,20052006,0,0
JASON_MORGAN,20062007,0,0
JASON_RYZNAR,20052006,0,0
JASON_WIEMER,20052006,0,0
JASON_WILLIAMS,20112012,0,0
JASON_YORK,20062007,0,0
JASON_ZUCKER,20132014,0,0
JAY_BEAGLE,20132014,0,0
JAY_LEACH,20102011,0,0
JAY_PANDOLFO,20122013,0,0
JAY_ROSEHILL,20132014,0,0
JAYSON_MEGNA,20132014,0,0
JEAN-FRANCOIS_FORTIN,20022003,0,0
JEAN-GABRIEL_PAGEAU,20132014,0,0
JEAN_LABBE,20022003,0,0
JEAN-MARC_PELLETIER,20032004,0,0
JEAN-PHILIPPE_COTE,20052006,0,0
JEFF_COWAN,20072008,0,0
JEFF_DANIELS,20022003,0,0
JEFF_DESLAURIERS,20112012,0,0
JEFF_DROUIN-DESLAURIERS,20092010,0,0
JEFF_FARKAS,20022003,0,0
JEFF_FINGER,20092010,0,0
JEFF_FINLEY,20032004,0,0
JEFF_FRAZEE,20122013,0,0
JEFF_FRIESEN,20062007,0,0
JEFF_GIULIANO,20072008,0,0
JEFF_HEEREMA,20032004,0,0
JEFF_HOGGAN,20092010,0,0
JEFF_JILLSON,20052006,0,0
JEFF_MACMILLAN,20032004,0,0
JEFF_ODGERS,20022003,0,0
JEFF_O'NEILL,20062007,0,0
JEFF_PETRY,20132014,0,0
JEFFREY_PENNER,20092010,0,0
JEFF_SCHULTZ,20122013,0,0
JEFF_SHANTZ,20022003,0,0
JEFF_SKINNER,20132014,0,0
JEFF_TAFFE,20112012,0,0
JEFF_TAMBELLINI,20102011,0,0
JEFF_TOMS,20022003,0,0
JEFF_WOYWITKA,20112012,0,0
JEFF_ZATKOFF,20132014,0,0
JEREMY_COLLITON,20102011,0,0
JEREMY_DUCHESNE,20092010,0,0
JEREMY_MORIN,20132014,0,0
JEREMY_ROENICK,20082009,0,0
JEREMY_STEVENSON,20052006,0,0
JEREMY_WELSH,20132014,0,0
JEREMY_WILLIAMS,20082009,0,0
JEREMY_YABLONSKI,20032004,0,0
JEROME_SAMSON,20112012,0,0
JERRY_D'AMIGO,20132014,0,0
JESPER_FAST,20132014,0,0
JESSE_BOULERICE,20072008,0,0
JESSE_FIBIGER,20022003,0,0
JESSE_JOENSUU,20132014,0,0
JESSE_WALLIN,20022003,0,0
JESSE_WINCHESTER,20132014,0,0
JHONAS_ENROTH,20132014,0,0
JIM_CUMMINS,20032004,0,0
JIM_DOWD,20072008,0,0
JIM_FAHEY,20062007,0,0
JIM_MCKENZIE,20032004,0,0
JIMMIE_OLVESTAD,20022003,0,0
JIMMY_HAYES,20132014,0,0
JIM_O'BRIEN,20122013,0,0
JIM_SLATER,20132014,0,0
JIM_VANDERMEER,20112012,0,0
JIRI_BICEK,20032004,0,0
JIRI_DOPITA,20022003,0,0
JIRI_SLEGR,20052006,0,0
JIRI_TLUSTY,20132014,0,0
J-LUC_GRAND-PIERRE,20032004,0,0
JOAKIM_ANDERSSON,20132014,0,0
JOAKIM_LINDSTROM,20112012,0,0
JOAKIM_NORDSTROM,20132014,0,0
JODY_HULL,20022003,0,0
JOE_CALLAHAN,20102011,0,0
JOE_COLBORNE,20132014,0,0
JOE_DIPENTA,20072008,0,0
JOE_FINLEY,20122013,0,0
JOE_JENSEN,20072008,0,0
JOEL_BOUCHARD,20052006,0,0
JOEL_PERRAULT,20102011,0,0
JOEL_RECHLICZ,20092010,0,0
JOE_MOTZKO,20082009,0,0
JOE_NIEUWENDYK,20062007,0,0
JOE_PISKULA,20132014,0,0
JOE_SACCO,20022003,0,0
JOE_SAKIC,20082009,0,0
JOE_VITALE,20132014,0,0
JOEY_CRABB,20122013,0,0
JOEY_TETARENKO,20022003,0,0
JOHAN_BACKLUND,20092010,0,0
JOHAN_HARJU,20102011,0,0
JOHAN_HEDBERG,20122013,0,0
JOHAN_HOLMQVIST,20072008,0,0
JOHAN_LARSSON,20132014,0,0
JOHAN_MOTIN,20092010,0,0
JOHN_ALBERT,20132014,0,0
JOHNATHAN_AITKEN,20032004,0,0
JOHN_CARLSON,20132014,0,0
JOHN_CURRY,20092010,0,0
JOHN_GRUDEN,20032004,0,0
JOHN_JAKOPIN,20022003,0,0
JOHN_MCCARTHY,20132014,0,0
JOHN_MITCHELL,20132014,0,0
JOHN_NEGRIN,20082009,0,0
JOHN_POHL,20072008,0,0
JOHN_SCOTT,20132014,0,0
JOHN_SLANEY,20032004,0,0
JOHN_TAVARES,20132014,0,0
JOHN_TRIPP,20032004,0,0
JOHN_ZEILER,20102011,0,0
JONAS_ANDERSSON,20102011,0,0
JONAS_BRODIN,20132014,0,0
JONAS_FROGREN,20082009,0,0
JONAS_GUSTAVSSON,20132014,0,0
JONAS_HILLER,20132014,0,0
JONAS_HOGLUND,20022003,0,0
JONAS_HOLOS,20102011,0,0
JONAS_JUNLAND,20092010,0,0
JONAS_NORDQVIST,20062007,0,0
JONATHAN_AUDY-MARCHESSAULT,20122013,0,0
JONATHAN_ERICSSON,20132014,0,0
JONATHAN_FERLAND,20052006,0,0
JONATHAN_FILEWICH,20072008,0,0
JONATHAN_GIRARD,20022003,0,0
JONATHAN_HEDSTROM,20052006,0,0
JONATHAN_HUBERDEAU,20132014,0,0
JONATHAN_RHEAULT,20122013,0,0
JONATHAN_SIGALET,20062007,0,0
JONATHAN_SIM,20102011,0,0
JONATHON_BLUM,20122013,0,0
JON_DISALVATORE,20052006,0,0
JON_KALINSKI,20092010,0,0
JON_MATSUMOTO,20102011,0,0
JON_MERRILL,20132014,0,0
JOONAS_RASK,20122013,0,0
JORDAN_CARON,20132014,0,0
JORDAN_HENDRY,20102011,0,0
JORDAN_KRESTANOVICH,20032004,0,0
JORDAN_LAVALLEE-SMOTHERMAN,20082009,0,0
JORDAN_NOLAN,20132014,0,0
JORDAN_SCHROEDER,20122013,0,0
JORDAN_SZWARZ,20132014,0,0
JORDIE_BENN,20132014,0,0
JORDIN_TOOTOO,20132014,0,0
JOSEF_BOUMEDIENNE,20032004,0,0
JOSEF_MELICHAR,20082009,0,0
JOSEF_VASICEK,20072008,0,0
JOSH_GRATTON,20082009,0,0
JOSH_GREEN,20112012,0,0
JOSH_HARDING,20132014,0,0
JOSH_HENNESSY,20112012,0,0
JOSH_HOLDEN,20022003,0,0
JOSH_LANGFELD,20062007,0,0
JOSH_LEIVO,20132014,0,0
JOSH_OLSON,20032004,0,0
JOSH_TORDJMAN,20082009,0,0
JOSHUA_HENNESSY,20092010,0,0
JOZEF_BALEJ,20052006,0,0
J-SEBASTIEN_AUBIN,20072008,0,0
J.T._BROWN,20132014,0,0
J.T._MILLER,20132014,0,0
JULIEN_VAUCLAIR,20032004,0,0
JUNIOR_LESSARD,20072008,0,0
JURAJ_KOLNIK,20062007,0,0
JUSSI_MARKKANEN,20062007,0,0
JUSSI_RYNNAS,20122013,0,0
JUSSI_TIMONEN,20062007,0,0
JUSTIN_ABDELKADER,20132014,0,0
JUSTIN_BRAUN,20132014,0,0
JUSTIN_DIBENEDETTO,20102011,0,0
JUSTIN_FAULK,20132014,0,0
JUSTIN_FONTAINE,20132014,0,0
JUSTIN_MAPLETOFT,20032004,0,0
JUSTIN_MERCIER,20092010,0,0
JUSTIN_PAPINEAU,20032004,0,0
JUSTIN_PETERS,20132014,0,0
JUSTIN_POGGE,20082009,0,0
KAMIL_KREPS,20092010,0,0
KAMIL_PIROS,20032004,0,0
KAREL_PILAR,20032004,0,0
KAREL_RACHUNEK,20072008,0,0
KARI_HAAKANA,20022003,0,0
KARL_DYKHUIS,20032004,0,0
KARL_STEWART,20072008,0,0
KARRI_RAMO,20132014,0,0
KASPARS_DAUGAVINS,20122013,0,0
KEATON_ELLERBY,20132014,0,0
KEITH_AUCOIN,20122013,0,0
KEITH_AULIE,20132014,0,0
KEITH_BALLARD,20132014,0,0
KEITH_KINKAID,20122013,0,0
KEITH_PRIMEAU,20052006,0,0
KEN_DANEYKO,20022003,0,0
KEN_GERNANDER,20032004,0,0
KEN_KLEE,20082009,0,0
KENNDAL_MCARDLE,20112012,0,0
KENNY_JONSSON,20032004,0,0
KENT_HUSKINS,20122013,0,0
KENT_MCDONELL,20032004,0,0
KENT_SIMPSON,20132014,0,0
KEVAN_MILLER,20132014,0,0
KEVIN_BIEKSA,20132014,0,0
KEVIN_COLLEY,20052006,0,0
KEVIN_CONNAUTON,20132014,0,0
KEVIN_DALLMAN,20072008,0,0
KEVIN_DINEEN,20022003,0,0
KEVIN_DOELL,20072008,0,0
KEVIN_HENDERSON,20122013,0,0
KEVIN_HODSON,20022003,0,0
KEVIN_MARSHALL,20112012,0,0
KEVIN_MILLER,20032004,0,0
KEVIN_PORTER,20132014,0,0
KEVIN_QUICK,20082009,0,0
KEVIN_SAWYER,20022003,0,0
KEVIN_WESTGARTH,20132014,0,0
KIP_BRENNAN,20052006,0,0
KIP_MILLER,20032004,0,0
KIRBY_LAW,20032004,0,0
KIRILL_SAFRONOV,20022003,0,0
KIRK_MULLER,20022003,0,0
KONSTANTIN_PUSHKARYOV,20062007,0,0
KORBINIAN_HOLZER,20122013,0,0
KRIS_BEECH,20072008,0,0
KRIS_FREDHEIM,20112012,0,0
KRIS_NEWBURY,20132014,0,0
KRIS_RUSSELL,20132014,0,0
KRIS_VERNARSKY,20032004,0,0
KRONWALL_KRONVALL,20072008,0,0
KRYS_BARCH,20132014,0,0
KRYS_KOLANOS,20112012,0,0
KRZYSZTOF_OLIWA,20032004,0,0
KURTIS_FOSTER,20122013,0,0
KURTIS_MCLEAN,20082009,0,0
KYLE_CALDER,20092010,0,0
KYLE_CHIPCHURA,20132014,0,0
KYLE_CLIFFORD,20132014,0,0
KYLE_CUMISKEY,20102011,0,0
KYLE_GREENTREE,20082009,0,0
KYLE_MCLAREN,20072008,0,0
KYLE_OKPOSO,20132014,0,0
KYLE_PALMIERI,20132014,0,0
KYLE_QUINCEY,20132014,0,0
KYLE_ROSSITER,20032004,0,0
KYLE_TURRIS,20132014,0,0
KYLE_WANVIG,20072008,0,0
KYLE_WILSON,20112012,0,0
LADISLAV_BENYSEK,20022003,0,0
LADISLAV_KOHN,20022003,0,0
LANCE_BOUMA,20132014,0,0
LANCE_WARD,20032004,0,0
LANE_MACDERMID,20132014,0,0
LARS_ELLER,20132014,0,0
LARS_JONSSON,20062007,0,0
LASSE_KUKKONEN,20082009,0,0
LASSE_PIRJETA,20052006,0,0
LAURI_KORPIKOSKI,20132014,0,0
LAWRENCE_NYCHOLAT,20082009,0,0
LAYNE_ULMER,20032004,0,0
LEE_GOREN,20062007,0,0
LEE_SWEATT,20102011,0,0
LELAND_IRVING,20122013,0,0
LENNART_PETRELL,20122013,0,0
LEO_KOMAROV,20122013,0,0
LIAM_REDDOX,20102011,0,0
LINDEN_VEY,20132014,0,0
LINUS_KLASEN,20102011,0,0
LINUS_OMARK,20132014,0,0
LOUIS_LEBLANC,20132014,0,0
LOUIS_ROBITAILLE,20052006,0,0
LUBOMIR_SEKERAS,20032004,0,0
LUBOS_BARTECKO,20022003,0,0
LUCA_CAPUTI,20102011,0,0
LUCAS_LESSIO,20132014,0,0
LUC_BOURDON,20072008,0,0
LUC_ROBITAILLE,20052006,0,0
LUKAS_KASPAR,20082009,0,0
LUKAS_KRAJICEK,20092010,0,0
LUKE_ADAM,20132014,0,0
LUKE_GAZDIC,20132014,0,0
LUKE_GLENDENING,20132014,0,0
LYLE_ODELEIN,20052006,0,0
LYNN_LOYNS,20032004,0,0
MAGNUS_ARVEDSON,20032004,0,0
MAGNUS_HELLBERG,20132014,0,0
MAGNUS_JOHANSSON,20072008,0,0
MAGNUS_PAAJARVI,20132014,0,0
MAKSIM_MAYOROV,20112012,0,0
MANNY_FERNANDEZ,20082009,0,0
MARC-ANDRE_BOURDON,20112012,0,0
MARC-ANDRE_CLICHE,20132014,0,0
MARC-ANDRE_GRAGNANI,20112012,0,0
MARC_BERGEVIN,20032004,0,0
MARC_CHOUINARD,20062007,0,0
MARC_DENIS,20082009,0,0
MARCEL_GOC,20132014,0,0
MARCEL_HOSSA,20072008,0,0
MARC_LAMOTHE,20032004,0,0
MARC_METHOT,20132014,0,0
MARCUS_FOLIGNO,20132014,0,0
MARCUS_JOHANSSON,20132014,0,0
MARCUS_KRUGER,20132014,0,0
MARCUS_RAGNARSSON,20032004,0,0
MAREK_MAZANEC,20132014,0,0
MAREK_SCHWARZ,20072008,0,0
MARIO_BLIZNAK,20102011,0,0
MARIO_LEMIEUX,20052006,0,0
MARIUSZ_CZERKAWSKI,20052006,0,0
MARK_ARCOBELLO,20132014,0,0
MARK_BARBERIO,20132014,0,0
MARK_BELL,20072008,0,0
MARK_BOROWIECKI,20132014,0,0
MARK_CULLEN,20112012,0,0
MARK_CUNDARI,20122013,0,0
MARK_DEKANICH,20102011,0,0
MARK_FISTRIC,20132014,0,0
MARK_FLOOD,20112012,0,0
MARK_FRASER,20132014,0,0
MARK_GREIG,20022003,0,0
MARK_HARTIGAN,20072008,0,0
MARK_KATIC,20102011,0,0
MARK_LETESTU,20132014,0,0
MARK_MANCARI,20102011,0,0
MARK_MESSIER,20032004,0,0
MARK_MOWERS,20072008,0,0
MARK_OLVER,20122013,0,0
MARK_POPOVIC,20092010,0,0
MARK_PYSYK,20132014,0,0
MARK_RECCHI,20102011,0,0
MARK_RYCROFT,20062007,0,0
MARK_SCHEIFELE,20132014,0,0
MARK_SMITH,20072008,0,0
MARK_STONE,20122013,0,0
MARK_STUART,20132014,0,0
MARTIN_BIRON,20132014,0,0
MARTIN_CIBAK,20052006,0,0
MARTIN_GRENIER,20062007,0,0
MARTIN_HANZAL,20132014,0,0
MARTIN_HOULE,20062007,0,0
MARTIN_JONES,20132014,0,0
MARTIN_LOJEK,20072008,0,0
MARTIN_MARINCIN,20132014,0,0
MARTIN_PRUSEK,20052006,0,0
MARTIN_SAMUELSSON,20032004,0,0
MARTINS_KARSUMS,20082009,0,0
MARTIN_SONNENBERG,20032004,0,0
MARTIN_ST. PIERRE,20092010,0,0
MARTIN_STRAKA,20072008,0,0
MARTIN_STRBAK,20032004,0,0
MARTY_HAVLAT,20132014,0,0
MARTY_MCINNIS,20022003,0,0
MARTY_MURRAY,20062007,0,0
MAT_CLARK,20112012,0,0
MATHEW_DUMBA,20132014,0,0
MATHIAS_JOHANSSON,20022003,0,0
MATHIAS_TJARNQVIST,20072008,0,0
MATHIEU_CARLE,20092010,0,0
MATHIEU_DANDENAULT,20082009,0,0
MATHIEU_DARCHE,20112012,0,0
MATHIEU_ROY,20122013,0,0
MATS_LINDGREN,20022003,0,0
MATT_ANDERSON,20122013,0,0
MATT_BARTKOWSKI,20132014,0,0
MATT_BELESKEY,20132014,0,0
MATT_BRADLEY,20112012,0,0
MATT_CALVERT,20132014,0,0
MATT_CARKNER,20132014,0,0
MATT_CLIMIE,20102011,0,0
MATT_D'AGOSTINI,20132014,0,0
MATT_DAVIDSON,20022003,0,0
MATT_DONOVAN,20132014,0,0
MATT_DUMBA,20132014,0,0
MATT_ELLIS,20112012,0,0
MATT_ELLISON,20052006,0,0
MATT_FOY,20072008,0,0
MATT_FRASER,20132014,0,0
MATT_FRATTIN,20132014,0,0
MATT_GILROY,20132014,0,0
MATT_HACKETT,20122013,0,0
MATT_HALISCHUK,20132014,0,0
MATT_HENDRICKS,20132014,0,0
MATT_HERR,20022003,0,0
MATTHEW_CORRENTE,20102011,0,0
MATTHEW_LOMBARDI,20122013,0,0
MATTHEW_NIETO,20132014,0,0
MATTHEW_SPILLER,20072008,0,0
MATTHEW_YEATS,20032004,0,0
MATT_HUSSEY,20052006,0,0
MATTIAS_EKHOLM,20132014,0,0
MATTIAS_RITOLA,20112012,0,0
MATTIAS_TEDENBY,20132014,0,0
MATTIAS_TIMANDER,20032004,0,0
MATTIAS_WEINHANDL,20062007,0,0
MATT_IRWIN,20132014,0,0
MATT_JOHNSON,20032004,0,0
MATT_KASSIAN,20132014,0,0
MATT_KEITH,20072008,0,0
MATT_KOALSKA,20052006,0,0
MATT_MURLEY,20072008,0,0
MATT_NISKANEN,20132014,0,0
MATT_PELECH,20132014,0,0
MATT_PETTINGER,20092010,0,0
MATT_RYAN,20052006,0,0
MATT_SMABY,20102011,0,0
MATT_STAJAN,20132014,0,0
MATT_TAORMINA,20132014,0,0
MATT_TENNYSON,20122013,0,0
MATT_UNDERHILL,20032004,0,0
MATT_WATKINS,20112012,0,0
MATT_ZABA,20092010,0,0
MAXIM_AFINOGENOV,20092010,0,0
MAXIME_FORTUNUS,20092010,0,0
MAXIME_MACENAUER,20112012,0,0
MAXIME_OUELLET,20052006,0,0
MAXIME_TALBOT,20132014,0,0
MAXIM_KONDRATIEV,20072008,0,0
MAXIM_KUZNETSOV,20032004,0,0
MAXIM_NOREAU,20102011,0,0
MAX_REINHART,20132014,0,0
MAXWELL_REINHART,20122013,0,0
MICHAEL_BOURNIVAL,20132014,0,0
MICHAEL_CARUSO,20122013,0,0
MICHAEL_CHAPUT,20132014,0,0
MICHAEL_DEL ZOTTO,20132014,0,0
MICHAEL_FROLIK,20132014,0,0
MICHAEL_FUNK,20072008,0,0
MICHAEL_GARNETT,20052006,0,0
MICHAEL_GRIER,20102011,0,0
MICHAEL_KOSTKA,20132014,0,0
MICHAEL_LATTA,20132014,0,0
MICHAEL_LEIGHTON,20122013,0,0
MICHAEL_MORRISON,20062007,0,0
MICHAEL_PECA,20082009,0,0
MICHAEL_RAFFL,20132014,0,0
MICHAEL_SGARBOSSA,20122013,0,0
MICHAEL_STONE,20132014,0,0
MICHAEL_VERNACE,20102011,0,0
MICHAEL_WALL,20062007,0,0
MICHAEL_ZIGOMANIS,20102011,0,0
MICHAL_BARINKA,20052006,0,0
MICHAL_GROSEK,20032004,0,0
MICHAL_HANDZUS,20132014,0,0
MICHAL_JORDAN,20122013,0,0
MICHAL_REPIK,20112012,0,0
MICHAL_SIVEK,20022003,0,0
MICHEAL_HALEY,20122013,0,0
MICKI_DUPONT,20072008,0,0
MIKAEL_BACKLUND,20132014,0,0
MIKAEL_GRANLUND,20132014,0,0
MIKAEL_RENBERG,20032004,0,0
MIKAEL_TELLQVIST,20082009,0,0
MIKA_PYORALA,20092010,0,0
MIKA_ZIBANEJAD,20132014,0,0
MIKE_ANGELIDIS,20122013,0,0
MIKE_BISHAI,20032004,0,0
MIKE_BLUNDEN,20132014,0,0
MIKE_BRODEUR,20102011,0,0
MIKE_CAMMALLERI,20132014,0,0
MIKE_CARD,20062007,0,0
MIKE_COMRIE,20102011,0,0
MIKE_DANTON,20032004,0,0
MIKE_DUCO,20112012,0,0
MIKE_EASTWOOD,20032004,0,0
MIKE_GLUMAC,20072008,0,0
MIKE_HOFFMAN,20132014,0,0
MIKE_IGGULDEN,20082009,0,0
MIKE_KEANE,20032004,0,0
MIKE_LECLERC,20052006,0,0
MIKE_LUNDIN,20122013,0,0
MIKE_MCKENNA,20132014,0,0
MIKE_MOORE,20102011,0,0
MIKE_MURPHY,20112012,0,0
MIKE_PANDOLFO,20032004,0,0
MIKE_RICHTER,20022003,0,0
MIKE_RUPP,20122013,0,0
MIKE_SILLINGER,20082009,0,0
MIKE_SMITH,20132014,0,0
MIKE_STUTZEL,20032004,0,0
MIKE_VAN RYN,20082009,0,0
MIKE_WATT,20022003,0,0
MIKE_WEAVER,20132014,0,0
MIKE_WEBER,20132014,0,0
MIKE_WILSON,20022003,0,0
MIKE_YORK,20072008,0,0
MIKHAIL_GRIGORENKO,20132014,0,0
MIKHAIL_KULESHOV,20032004,0,0
MIKHAIL_YAKUBOV,20052006,0,0
MIKKO_ELORANTA,20022003,0,0
MIKKO_JOKELA,20022003,0,0
MIKKO_KOSKINEN,20102011,0,0
MIKKO_LEHTONEN,20092010,0,0
MIKKO_LUOMA,20032004,0,0
MILAN_BARTOVIC,20052006,0,0
MILAN_HNILICKA,20032004,0,0
MILAN_KRAFT,20032004,0,0
MIROSLAV_ZALESAK,20022003,0,0
MITCHELL_FRITZ,20082009,0,0
MORGAN_RIELLY,20132014,0,0
MURRAY_BARON,20032004,0,0
NAIL_YAKUPOV,20132014,0,0
NATE_PROSSER,20132014,0,0
NATE_SCHMIDT,20132014,0,0
NATHAN_BEAULIEU,20132014,0,0
NATHAN_DEMPSEY,20062007,0,0
NATHAN_GUENIN,20132014,0,0
NATHAN_LAWSON,20102011,0,0
NATHAN_MACKINNON,20132014,0,0
NATHAN_MCIVER,20082009,0,0
NATHAN_OYSTRICK,20102011,0,0
NATHAN_PAETSCH,20092010,0,0
NATHAN_PERROTT,20052006,0,0
NATHAN_ROBINSON,20032004,0,0
NATHAN_SMITH,20092010,0,0
NEIL_LITTLE,20032004,0,0
NICHOLAS_DIMITRAKOS,20062007,0,0
NICK_BJUGSTAD,20132014,0,0
NICK_BONINO,20132014,0,0
NICK_DRAZENOVIC,20122013,0,0
NICK_HOLDEN,20132014,0,0
NICK_JOHNSON,20122013,0,0
NICKLAS_GROSSMANN,20132014,0,0
NICKLAS_JENSEN,20122013,0,0
NICK_PALMIERI,20112012,0,0
NICK_SCHULTZ,20132014,0,0
NICLAS_BERGFORS,20112012,0,0
NICOLAS_BLANCHARD,20122013,0,0
NIGEL_DAWES,20102011,0,0
NIKITA_ALEXEEV,20062007,0,0
NIKITA_FILATOV,20112012,0,0
NIKITA_KUCHEROV,20132014,0,0
NIKITA_NIKITIN,20132014,0,0
NIKITA_ZADOROV,20132014,0,0
NIKLAS_KRONWALL,20132014,0,0
NIKLAS_NORDGREN,20052006,0,0
NIKLAS_SUNDSTROM,20052006,0,0
NIKO_KAPANEN,20072008,0,0
NIKOLAI_KULEMIN,20132014,0,0
NILS_EKMAN,20062007,0,0
NOAH_CLARKE,20072008,0,0
NOAH_WELCH,20102011,0,0
NOLAN_PRATT,20072008,0,0
NOLAN_SCHAEFER,20052006,0,0
NOLAN_YONKMAN,20132014,0,0
NORMAN_MILLEY,20052006,0,0
OLEG_PETROV,20022003,0,0
OLEG_TVERDOVSKY,20062007,0,0
OLE-KRISTIAN_TOLLEFSEN,20092010,0,0
OLIVER_LAURIDSEN,20122013,0,0
OLIVIER_MAGNAN,20102011,0,0
OLLI_MAATTA,20132014,0,0
OLLI_MALMIVAARA,20072008,0,0
ONDREJ_PALAT,20132014,0,0
ONDREJ_PAVELEC,20132014,0,0
OSCAR_MOLLER,20102011,0,0
OSKAR_OSALA,20082009,0,0
OSKARS_BARTULIS,20102011,0,0
OSSI_VAANANEN,20082009,0,0
OWEN_FUSSEY,20032004,0,0
PASCAL_PELLETIER,20082009,0,0
PASCAL_RHEAUME,20052006,0,0
PASI_NURMINEN,20032004,0,0
PAT_KAVANAGH,20052006,0,0
PATRICE_BRISEBOIS,20082009,0,0
PATRICE_CORMIER,20122013,0,0
PATRICK_BOILEAU,20032004,0,0
PATRICK_BORDELEAU,20132014,0,0
PATRICK_COULOMBE,20062007,0,0
PATRICK_DAVIS,20092010,0,0
PATRICK_DESROCHERS,20022003,0,0
PATRICK_DWYER,20132014,0,0
PATRICK_EAVES,20132014,0,0
PATRICK_FISCHER,20062007,0,0
PATRIC_KJELLBERG,20022003,0,0
PATRICK_KALETA,20132014,0,0
PATRICK_KANE,20132014,0,0
PATRICK_LEAHY,20052006,0,0
PATRICK_MAROON,20132014,0,0
PATRICK_RISSMILLER,20102011,0,0
PATRICK_THORESEN,20072008,0,0
PATRICK_TRAVERSE,20022003,0,0
PATRICK_WIERCIOCH,20132014,0,0
PATRIK_STEFAN,20062007,0,0
PAUL_BISSONNETTE,20132014,0,0
PAUL_BYRON,20132014,0,0
PAUL_GAUSTAD,20132014,0,0
PAUL_HEALEY,20022003,0,0
PAUL_KARIYA,20092010,0,0
PAUL_MANNING,20022003,0,0
PAUL_MARA,20102011,0,0
PAUL_POSTMA,20132014,0,0
PAUL_RANGER,20132014,0,0
PAUL_RANHEIM,20022003,0,0
PAUL_SZCZECHURA,20112012,0,0
PAVEL_BRENDL,20052006,0,0
PAVEL_BURE,20022003,0,0
PAVEL_ROSA,20022003,0,0
PAVEL_TRNKA,20032004,0,0
PAVEL_VOROBIEV,20052006,0,0
PEKKA_RINNE,20132014,0,0
PER_LEDIN,20082009,0,0
PER_SVARTVADET,20022003,0,0
PETER_HARROLD,20132014,0,0
PETER_HOLLAND,20132014,0,0
PETER_MANNINO,20112012,0,0
PETER_MUELLER,20122013,0,0
PETER_OLVECKY,20082009,0,0
PETER_REGIN,20132014,0,0
PETER_SARNO,20052006,0,0
PETER_SEJNA,20062007,0,0
PETER_SKUDRA,20022003,0,0
PETER_WHITE,20032004,0,0
PETER_WORRELL,20032004,0,0
PETR_BUZEK,20022003,0,0
PETRI_KONTIOLA,20072008,0,0
PETR_KALUS,20062007,0,0
PETR_KANKO,20052006,0,0
PETR_MRAZEK,20132014,0,0
PETR_NEDVED,20062007,0,0
PETR_PRUCHA,20102011,0,0
PETR_SCHASTLIVY,20032004,0,0
PETR_TENKRAT,20062007,0,0
PETR_VRANA,20082009,0,0
PETTERI_NOKELAINEN,20112012,0,0
PETTERI_NUMMELIN,20072008,0,0
PETTERI_WIRTANEN,20072008,0,0
PHIL_HOUSLEY,20022003,0,0
PHILIP_LARSEN,20132014,0,0
PHILIP_MCRAE,20102011,0,0
PHILIPPE_CORNET,20112012,0,0
PHILIPPE_DUPUIS,20112012,0,0
PHILIPP_GRUBAUER,20132014,0,0
PHIL_ORESKOVIC,20082009,0,0
PIERRE-CEDRIC_LABRIE,20132014,0,0
PIERRE_DAGENAIS,20052006,0,0
PIERRE_HEDIN,20032004,0,0
PIERRE-LUC_LETOURNEAU-LEBLOND,20112012,0,0
P.J._AXELSSON,20072008,0,0
P.J._STOCK,20022003,0,0
PRESTIN_RYAN,20052006,0,0
QUINTIN_LAING,20092010,0,0
QUINTON_HOWDEN,20122013,0,0
RADEK_MARTINEK,20132014,0,0
RADEK_SMOLENAK,20082009,0,0
RADKO_GUDAS,20132014,0,0
RADOSLAV_HECL,20022003,0,0
RADOSLAV_SUCHY,20052006,0,0
RADOVAN_SOMIK,20032004,0,0
RAMZI_ABID,20062007,0,0
RANDY_MCKAY,20022003,0,0
RAPHAEL_DIAZ,20132014,0,0
RASMUS_RISTOLAINEN,20132014,0,0
RASTISLAV_STANA,20032004,0,0
RAY_EMERY,20132014,0,0
RAY_MACIAS,20102011,0,0
RAYMOND_GIROUX,20032004,0,0
RAYMOND_SAWADA,20102011,0,0
REED_LOW,20062007,0,0
REID_BOUCHER,20132014,0,0
REID_SIMPSON,20022003,0,0
REILLY_SMITH,20132014,0,0
REINHARD_DIVIS,20052006,0,0
REM_MURRAY,20052006,0,0
RETO_BERRA,20132014,0,0
RHETT_RAKHSHANI,20112012,0,0
RHETT_WARRENER,20072008,0,0
RICHARD_BACHMAN,20132014,0,0
RICHARD_BRENNAN,20022003,0,0
RICHARD_LINTNER,20022003,0,0
RICHARD_PANIK,20132014,0,0
RICHARD_PARK,20112012,0,0
RICHARD_PETIOT,20102011,0,0
RICHARD_SCOTT,20032004,0,0
RICHARD_SMEHLIK,20022003,0,0
RICH_CLUNE,20132014,0,0
RICHIE_REGEHR,20062007,0,0
RICKARD_RAKELL,20132014,0,0
RICKARD_WALLIN,20092010,0,0
RICK_BERRY,20032004,0,0
RICK_RYPIEN,20102011,0,0
RIKU_HAHL,20032004,0,0
RILEY_ARMSTRONG,20082009,0,0
RILEY_COTE,20082009,0,0
RILEY_NASH,20132014,0,0
ROB_BLAKE,20092010,0,0
ROB_COLLINS,20052006,0,0
ROB_DAVISON,20082009,0,0
ROB_DIMAIO,20052006,0,0
ROBERT_BORTUZZO,20132014,0,0
ROBERT_EARL,20102011,0,0
ROBERT_ESCHE,20062007,0,0
ROBERT_REICHEL,20032004,0,0
ROBERT_SCHNABEL,20032004,0,0
ROBERT_SVEHLA,20022003,0,0
ROB_GLOBKE,20072008,0,0
ROBIN_LEHNER,20132014,0,0
ROB_MCVICAR,20052006,0,0
ROB_NIEDERMAYER,20102011,0,0
ROB_RAY,20032004,0,0
ROB_SCHREMP,20102011,0,0
ROB_SCUDERI,20132014,0,0
ROB_SKRLAC,20032004,0,0
ROB_VALICEVIC,20032004,0,0
ROBYN_REGEHR,20132014,0,0
ROB_ZAMUNER,20032004,0,0
ROD_PELLEY,20112012,0,0
ROMAN_CERVENKA,20122013,0,0
ROMAN_HORAK,20122013,0,0
ROMAN_JOSI,20132014,0,0
ROMAN_LYASHENKO,20022003,0,0
ROMAN_POLAK,20132014,0,0
ROMAN_TUREK,20032004,0,0
ROMAN_TVRDON,20032004,0,0
ROMAN_WICK,20102011,0,0
RONALD_PETROVICKY,20062007,0,0
RON_FRANCIS,20032004,0,0
RON_HAINSEY,20132014,0,0
RON_TUGNUTT,20032004,0,0
ROSS_LUPASCHUK,20022003,0,0
ROSTISLAV_KLESLA,20132014,0,0
ROSTISLAV_OLESZ,20132014,0,0
RUSLAN_FEDOTENKO,20122013,0,0
RYAN_BAYDA,20082009,0,0
RYAN_CALDWELL,20052006,0,0
RYAN_CARTER,20132014,0,0
RYAN_ELLIS,20132014,0,0
RYAN_FLINN,20022003,0,0
RYAN_GARBUTT,20132014,0,0
RYAN_HAMILTON,20132014,0,0
RYAN_JOHANSEN,20132014,0,0
RYAN_JONES,20132014,0,0
RYAN_KELLER,20092010,0,0
RYAN_KRAFT,20022003,0,0
RYAN_MURPHY,20132014,0,0
RYAN_MURRAY,20132014,0,0
RYAN_O'MARRA,20112012,0,0
RYAN_O'REILLY,20132014,0,0
RYAN_POTULNY,20102011,0,0
RYAN_READY,20052006,0,0
RYAN_REAVES,20132014,0,0
RYAN_RUSSELL,20112012,0,0
RYAN_SHANNON,20112012,0,0
RYAN_SPOONER,20132014,0,0
RYAN_STANTON,20132014,0,0
RYAN_STOA,20102011,0,0
RYAN_STONE,20092010,0,0
RYAN_VANDENBUSSCHE,20052006,0,0
RYAN_VESCE,20092010,0,0
RYAN_WHITE,20132014,0,0
RYAN_WHITNEY,20132014,0,0
SAMI_AITTOKALLIO,20122013,0,0
SAMI_HELENIUS,20022003,0,0
SAMI_LEPISTO,20112012,0,0
SAMI_VATANEN,20132014,0,0
SANDIS_OZOLINSH,20072008,0,0
SANDY_MCCARTHY,20032004,0,0
SCOTT_BARNEY,20052006,0,0
SCOTT_CLEMMENSEN,20132014,0,0
SCOTT_FERGUSON,20052006,0,0
SCOTT_LAUGHTON,20122013,0,0
SCOTT_NICHOL,20122013,0,0
SCOTT_PARKER,20062007,0,0
SCOTT_PELLERIN,20032004,0,0
SCOTT_STEVENS,20032004,0,0
SCOTT_TIMMINS,20122013,0,0
SCOTT_WALKER,20092010,0,0
SCOTT_YOUNG,20052006,0,0
SEAN_BERGENHEIM,20132014,0,0
SEAN_BROWN,20052006,0,0
SEAN_COLLINS,20132014,0,0
SEAN_MONAHAN,20132014,0,0
SEAN_O'DONNELL,20112012,0,0
SEAN_PRONGER,20032004,0,0
SEBASTIEN_BISAILLON,20062007,0,0
SEBASTIEN_CHARPENTIER,20032004,0,0
SEMYON_VARLAMOV,20132014,0,0
SERGE_AUBIN,20052006,0,0
SERGEI_BEREZIN,20022003,0,0
SERGEI_BOBROVSKY,20132014,0,0
SERGEI_BRYLIN,20072008,0,0
SERGEI_SHIROKOV,20102011,0,0
SERGEI_VARLAMOV,20022003,0,0
SERGEI_ZHOLTOK,20032004,0,0
SERGEI_ZINOVJEV,20032004,0,0
SERGE_PAYER,20062007,0,0
SETH_JONES,20132014,0,0
SHANE_ENDICOTT,20052006,0,0
SHANE_O'BRIEN,20132014,0,0
SHANE_WILLIS,20032004,0,0
SHAUN_HESHKA,20092010,0,0
SHAWN_BELLE,20102011,0,0
SHAWN_HEINS,20032004,0,0
SHAWN_HORCOFF,20132014,0,0
SHAWN_LALONDE,20122013,0,0
SHAWN_MATTHIAS,20132014,0,0
SHAWN_MCEACHERN,20052006,0,0
SHAYNE_CORSON,20032004,0,0
SHEAN_DONOVAN,20092010,0,0
SHELDON_BROOKBANK,20132014,0,0
SHELDON_KEEFE,20022003,0,0
SHELDON_SOURAY,20122013,0,0
SHJON_PODEIN,20022003,0,0
SIMON_GAMACHE,20072008,0,0
SPENCER_ABBOTT,20132014,0,0
SPENCER_MACHACEK,20112012,0,0
STAFFAN_KRONWALL,20092010,0,0
STANISLAV_CHISTOV,20062007,0,0
STAN_NECKAR,20032004,0,0
STEFAN_ELLIOTT,20122013,0,0
STEFAN_MATTEAU,20122013,0,0
STEFAN_MEYER,20102011,0,0
STEFAN_RUZICKA,20072008,0,0
STEPHANE_DA COSTA,20132014,0,0
STEPHANE_MATTEAU,20022003,0,0
STEPHANE_QUINTAL,20032004,0,0
STEPHEN_GIONTA,20132014,0,0
STEPHEN_PEAT,20052006,0,0
STEPHEN_VALIQUETTE,20092010,0,0
STEVE_BERNIER,20132014,0,0
STEVE_DUBINSKY,20022003,0,0
STEVE_GAINEY,20052006,0,0
STEVE_HEINZE,20022003,0,0
STEVE_KELLY,20022003,0,0
STEVE_KONOWALCHUK,20052006,0,0
STEVE_MACINTYRE,20102011,0,0
STEVE_MARTINS,20052006,0,0
STEVE_MASON,20132014,0,0
STEVE_MCKENNA,20032004,0,0
STEVE_MONTADOR,20112012,0,0
STEVE_MOORE,20032004,0,0
STEVEN_HALKO,20022003,0,0
STEVEN_KAMPFER,20112012,0,0
STEVENN_HALKO,20022003,0,0
STEVEN_PINIZZOTTO,20122013,0,0
STEVEN_ZALEWSKI,20112012,0,0
STEVE_OLEKSY,20132014,0,0
STEVE_OTT,20132014,0,0
STEVE_PASSMORE,20032004,0,0
STEVE_POAPST,20052006,0,0
STEVE_REGIER,20082009,0,0
STEVE_RUCCHIN,20062007,0,0
STEVE_SHIELDS,20052006,0,0
STEVE_STAIOS,20112012,0,0
STEVE_WAGNER,20082009,0,0
STEVE_WEBB,20032004,0,0
STEVE_YZERMAN,20052006,0,0
STU_BICKEL,20122013,0,0
SVEN_BAERTSCHI,20132014,0,0
SVEN_BUTENSCHON,20052006,0,0
SYLVAIN_BLOUIN,20022003,0,0
SYLVAIN_LEFEBVRE,20022003,0,0
TANNER_PEARSON,20132014,0,0
TAYLOR_BECK,20132014,0,0
TAYLOR_FEDUN,20132014,0,0
TAYLOR_PYATT,20132014,0,0
TED_DONATO,20032004,0,0
TEEMU_HARTIKAINEN,20122013,0,0
TEEMU_LAAKSO,20112012,0,0
TEPPO_NUMMINEN,20082009,0,0
THEO_PECKHAM,20122013,0,0
THEOREN_FLEURY,20022003,0,0
THOMAS_GREISS,20132014,0,0
THOMAS_HICKEY,20132014,0,0
THOMAS_MCCOLLUM,20102011,0,0
THOMAS_PIHLMAN,20052006,0,0
TIE_DOMI,20052006,0,0
TIM_BRENT,20122013,0,0
TIM_CONBOY,20092010,0,0
TIM_ERIXON,20122013,0,0
TIM_GLEASON,20132014,0,0
TIM_KENNEDY,20132014,0,0
TIMOFEI_SHISHKANOV,20052006,0,0
TIMO_HELBLING,20062007,0,0
TIMO_PIELMEIER,20102011,0,0
TIM_RAMHOLT,20072008,0,0
TIM_SESTITO,20132014,0,0
TIM_STAPLETON,20112012,0,0
TIM_WALLACE,20122013,0,0
T.J._BRENNAN,20122013,0,0
T.J._BRODIE,20132014,0,0
T.J._GALIARDI,20132014,0,0
T.J._HENSICK,20102011,0,0
TOBIAS_STEPHAN,20082009,0,0
TODD_BERTUZZI,20132014,0,0
TODD_GILL,20022003,0,0
TODD_HARVEY,20052006,0,0
TODD_REIRDEN,20032004,0,0
TODD_ROHLOFF,20032004,0,0
TODD_SIMPSON,20052006,0,0
TODD_WARRINER,20022003,0,0
TODD_WHITE,20102011,0,0
TOMAS_FLEISCHMANN,20132014,0,0
TOMAS_HERTL,20132014,0,0
TOMAS_KANA,20092010,0,0
TOMAS_KLOUCEK,20032004,0,0
TOMAS_KOPECKY,20132014,0,0
TOMAS_KUBALIK,20112012,0,0
TOMAS_KUNDRATEK,20122013,0,0
TOMAS_KURKA,20032004,0,0
TOMAS_MALEC,20052006,0,0
TOMAS_MOJZIS,20082009,0,0
TOMAS_PLIHAL,20082009,0,0
TOMAS_POPPERLE,20062007,0,0
TOMAS_SUROVY,20052006,0,0
TOMAS_TATAR,20132014,0,0
TOMAS_VINCOUR,20122013,0,0
TOMAS_ZIZKA,20032004,0,0
TOM_BARRASSO,20022003,0,0
TOM_CAVANAGH,20082009,0,0
TOM_FITZGERALD,20052006,0,0
TOMI_KALLIO,20022003,0,0
TOMI_PETTINEN,20052006,0,0
TOM_KOIVISTO,20022003,0,0
TOM_KOSTOPOULOS,20122013,0,0
TOMMI_SANTALA,20062007,0,0
TOMMY_ALBELIN,20052006,0,0
TOMMY_WESTLUND,20022003,0,0
TOMMY_WINGELS,20132014,0,0
TOM_POTI,20122013,0,0
TOM_PYATT,20132014,0,0
TOM_SESTITO,20132014,0,0
TOM_WANDELL,20122013,0,0
TOM_WILSON,20132014,0,0
TONI_DAHLMAN,20022003,0,0
TONI_LYDMAN,20122013,0,0
TONY_HRKAC,20022003,0,0
TONY_MARTENSSON,20032004,0,0
TONY_SALMELAINEN,20062007,0,0
TOREY_KRUG,20132014,0,0
TRAVIS_BRIGLEY,20032004,0,0
TRAVIS_GREEN,20062007,0,0
TRAVIS_HAMONIC,20132014,0,0
TRAVIS_MORIN,20132014,0,0
TRAVIS_ROCHE,20062007,0,0
TRAVIS_TURNBULL,20112012,0,0
TRENT_KLATT,20032004,0,0
TRENT_WHITFIELD,20092010,0,0
TREVOR_DALEY,20132014,0,0
TREVOR_GILLIES,20112012,0,0
TREVOR_KIDD,20032004,0,0
TREVOR_LETOWSKI,20072008,0,0
TREVOR_LEWIS,20132014,0,0
TREVOR_SMITH,20132014,0,0
TRISTON_GRANT,20092010,0,0
TROY_BODIE,20132014,0,0
TROY_BROUWER,20132014,0,0
TUOMO_RUUTU,20132014,0,0
TURNER_STEVENSON,20052006,0,0
TY_CONKLIN,20112012,0,0
TYE_MCGINN,20132014,0,0
TYLER_BOUCK,20062007,0,0
TYLER_BOZAK,20132014,0,0
TYLER_ECKFORD,20102011,0,0
TYLER_JOHNSON,20132014,0,0
TYLER_MOSS,20022003,0,0
TYLER_MYERS,20132014,0,0
TYLER_PITLICK,20132014,0,0
TYLER_SLOAN,20102011,0,0
TYSON_BARRIE,20132014,0,0
TYSON_NASH,20052006,0,0
TYSON_STRACHAN,20132014,0,0
TY_WISHART,20102011,0,0
ULF_DAHLEN,20022003,0,0
UWE_KRUPP,20022003,0,0
VACLAV_NEDOROST,20032004,0,0
VACLAV_VARADA,20052006,0,0
VALERI_NICHUSHKIN,20132014,0,0
VESA_TOSKALA,20092010,0,0
VICTOR_BARTLEY,20132014,0,0
VICTOR_HEDMAN,20132014,0,0
VICTOR_ORESKOVICH,20112012,0,0
VIKTOR_FASTH,20132014,0,0
VIKTOR_STALBERG,20132014,0,0
VIKTOR_TIKHONOV,20082009,0,0
VILLE_NIEMINEN,20062007,0,0
VILLE_PELTONEN,20082009,0,0
VINCENT_DAMPHOUSSE,20032004,0,0
VITALI_YACHMENEV,20022003,0,0
VITALIY_KOLESNIK,20052006,0,0
VITALY_VISHNEVSKI,20072008,0,0
VLADIMIR_MIHALIK,20092010,0,0
VLADIMIR_ORSZAGH,20052006,0,0
VLADIMIR_SOBOTKA,20132014,0,0
VLADIMIR_TARASENKO,20132014,0,0
VLADIMIR_ZHARKOV,20112012,0,0
VOJTECH_POLAK,20062007,0,0
WADE_BROOKBANK,20082009,0,0
WADE_DUBIELEWICZ,20092010,0,0
WADE_FLAHERTY,20022003,0,0
WADE_REDDEN,20132014,0,0
WARREN_PETERS,20112012,0,0
WES_O'NEILL,20092010,0,0
WILL_ACTON,20132014,0,0
WYATT_SMITH,20072008,0,0
YANICK_LEHOUX,20062007,0,0
YANIC_PERREAULT,20072008,0,0
YANN_DANIS,20122013,0,0
YANNICK_WEBER,20132014,0,0
YANN_SAUVE,20102011,0,0
YURI_BUTSAYEV,20022003,0,0
YUTAKA_FUKUFUJI,20062007,0,0
ZAC_BIERK,20032004,0,0
ZAC_DALPE,20132014,0,0
ZACH_BOYCHUK,20132014,0,0
ZACH_FITZGERALD,20072008,0,0
ZACH_HAMILL,20112012,0,0
ZACH_REDMOND,20122013,0,0
ZACH_SILL,20132014,0,0
ZACK_KASSIAN,20132014,0,0
ZACK_SMITH,20132014,0,0
ZACK_STORTINI,20102011,0,0
ZAC_RINALDO,20132014,0,0
ZBYNEK_MICHALEK,20132014,0,0
ZDENEK_BLATNY,20052006,0,0
ZDENEK_KUTLAK,20032004,0,0
ZEMGUS_GIRGENSONS,20132014,0,0
ZENITH_KOMARNISKI,20032004,0,0
BRENDAN_MIKKELSON,20122013,-0.000640084945743274,0
BROOKS_ORPIK,20132014,-0.0016760460886485,-0.0016760460886485
CHRIS_OSGOOD,20102011,-0.00286652165840104,0
SHAWN_THORNTON,20132014,-0.00296310883496889,-0.00296310883496889
BRAD_STUART,20132014,-0.00472635621143548,-0.00472635621143548
JOEL_LUNDQVIST,20082009,-0.00491017638311465,0
MATT_WALKER,20112012,-0.00493999734984562,0
MATT_LASHOFF,20102011,-0.00509772777112248,0
DENIS_ARKHIPOV,20062007,-0.00515481767173248,0
FRANCOIS_BEAUCHEMIN,20132014,-0.00528221640665259,-0.00528221640665259
MARK_EATON,20122013,-0.00561045011208794,0
KYLE_BRODZIAK,20132014,-0.00573388820748044,-0.00573388820748044
ZACH_BOGOSIAN,20132014,-0.00576697471317949,-0.00576697471317949
ANDREW_GREENE,20132014,-0.00644851078905239,-0.00644851078905239
DICK_TARNSTROM,20072008,-0.00682966480759797,0
CRAIG_RIVET,20102011,-0.00748887936453897,0
KARL_ALZNER,20132014,-0.00835357833327855,-0.00835357833327855
ANDREW_ALBERTS,20132014,-0.0086659528840591,-0.0086659528840591
MAREK_ZIDLICKY,20132014,-0.0087058809940515,-0.0087058809940515
FRANCIS_BOUILLON,20132014,-0.00966241777000404,-0.00966241777000404
JORDAN_LEOPOLD,20132014,-0.0102631014649892,-0.0102631014649892
MIKE_RICCI,20062007,-0.0118052577471265,0
MIKE_RATHJE,20062007,-0.0119705252825316,0
BRETT_CLARK,20122013,-0.0132881235546199,0
IGOR_KOROLEV,20032004,-0.0135137741302429,0
VERNON_FIDDLER,20132014,-0.0138959080118336,-0.0138959080118336
BRAD_RICHARDSON,20132014,-0.0145620386041984,-0.0145620386041984
OLAF_KOLZIG,20082009,-0.0145967560909475,0
TORREY_MITCHELL,20132014,-0.0147566957065367,-0.0147566957065367
MARCO_SCANDELLA,20132014,-0.0153231571327789,-0.0153231571327789
KEVYN_ADAMS,20072008,-0.0164261072996936,0
NIKLAS_BACKSTROM,20132014,-0.0169879601507798,-0.0169879601507798
MIKE_COMMODORE,20112012,-0.0178282649067802,0
SAMUEL_PAHLSSON,20112012,-0.017884980678999,0
SHAONE_MORRISONN,20102011,-0.0182429795332088,0
BRANKO_RADIVOJEVIC,20072008,-0.018309211612604,0
JOHN_MADDEN,20112012,-0.0187747283813135,0
KEVIN_WEEKES,20082009,-0.0187921094796829,0
PASCAL_LECLAIRE,20102011,-0.0187929050515708,0
CHRIS_PHILLIPS,20132014,-0.0199010791343372,-0.0199010791343372
NICK_SPALING,20132014,-0.0203549164764506,-0.0203549164764506
HAL_GILL,20122013,-0.0203744714101424,0
BOYD_GORDON,20132014,-0.0210494138941073,-0.0210494138941073
CHAD_LAROSE,20122013,-0.0210976894212704,0
YAN_STASTNY,20092010,-0.0211239629418339,0
ANDREW_RAYCROFT,20112012,-0.0220217101927534,0
JAN_BULIS,20062007,-0.0231940332711277,0
KEVIN_POULIN,20132014,-0.0232183988287088,-0.0232183988287088
JIRI_NOVOTNY,20082009,-0.0233413149158606,0
MATT_HUNWICK,20132014,-0.0238200040677134,-0.0238200040677134
CAM_BARKER,20122013,-0.0239682514464855,0
SCOTT_GOMEZ,20132014,-0.0246486214406528,-0.0246486214406528
BRIAN_ELLIOTT,20132014,-0.0248391190563512,-0.0248391190563512
SCOTT_THORNTON,20072008,-0.0248415016971461,0
ERIC_BELANGER,20122013,-0.0248482911112083,0
BRIAN_HOLZINGER,20032004,-0.025322818692418,0
JEREMY_REICH,20072008,-0.0260911760167284,0
STU_BARNES,20072008,-0.0292474057430753,0
BRYAN_ALLEN,20132014,-0.0302704323141357,-0.0302704323141357
TODD_MARCHANT,20102011,-0.0310501683760012,0
ROD_BRIND'AMOUR,20092010,-0.0328534252280811,0
MARC_STAAL,20132014,-0.0329767469610734,-0.0329767469610734
ANDY_DELMORE,20052006,-0.0332757472298675,0
ERIC_WEINRICH,20052006,-0.0342952334182834,0
JAMIE_PUSHOR,20052006,-0.0344513262300542,0
JAY_MCKEE,20092010,-0.0349492218139361,0
ANTTI_LAAKSONEN,20062007,-0.035716104527979,0
JOCELYN_THIBAULT,20072008,-0.0357232289758802,0
NATE_THOMPSON,20132014,-0.0358160031882269,-0.0358160031882269
CHRIS_CHELIOS,20092010,-0.0363165239199854,0
DARBY_HENDRICKSON,20032004,-0.0368546346191571,0
MATHIEU_GARON,20122013,-0.0369955693508792,0
GLEN_MURRAY,20072008,-0.0379858623084502,0
STEPHANE_YELLE,20092010,-0.038125113742692,0
JANNE_NIINIMAA,20062007,-0.0381845040978789,0
RYAN_O'BYRNE,20122013,-0.0400939445841405,0
ANDREW_PETERS,20092010,-0.0409538958226034,0
GARTH_MURRAY,20082009,-0.0420591748878233,0
FREDRIK_SJOSTROM,20102011,-0.0421448875016982,0
JOEL_KWIATKOWSKI,20072008,-0.0430596960403238,0
MICHAL_NEUVIRTH,20132014,-0.0438312215856705,-0.0438312215856705
BYRON_RITCHIE,20072008,-0.0450592449818881,0
KRIS_DRAPER,20102011,-0.0451505390513494,0
JIRI_FISCHER,20052006,-0.0453763134424132,0
JASSEN_CULLIMORE,20102011,-0.0456524694139335,0
MATT_GREENE,20132014,-0.0457666122192369,-0.0457666122192369
JON_KLEMM,20072008,-0.0459190891418987,0
JEFF_HACKETT,20032004,-0.0463798099663878,0
JUSTIN_SCHULTZ,20132014,-0.0466448359522105,-0.0466448359522105
PATRICK_O'SULLIVAN,20112012,-0.0477100809244217,0
JEFF_HALPERN,20132014,-0.0477418206389778,-0.0477418206389778
DENNIS_SEIDENBERG,20132014,-0.0482847212542485,-0.0482847212542485
NICK_BOYNTON,20102011,-0.0487354842937215,0
TODD_FEDORUK,20092010,-0.0494033640639129,0
LADISLAV_SMID,20132014,-0.0497928010434597,-0.0497928010434597
ALEX_AULD,20112012,-0.0498954203509949,0
JOSE_THEODORE,20122013,-0.050389522623495,0
AARON_MILLER,20072008,-0.0518340333586285,0
ALEXANDER_KARPOVTSEV,20052006,-0.0530080298773846,0
CHAD_KILGER,20072008,-0.0534463738778958,0
MARTY_REASONER,20122013,-0.0553860736314082,0
KEVIN_KLEIN,20132014,-0.0556743540077527,-0.0556743540077527
DENIS_GAUTHIER,20082009,-0.0558394547096335,0
DEREK_DORSETT,20132014,-0.0583491081549056,-0.0583491081549056
AARON_ROME,20122013,-0.061496294646499,0
ADAM_FOOTE,20102011,-0.0630742963486864,0
LUKE_SCHENN,20132014,-0.0634653981401151,-0.0634653981401151
MARTIN_SKOULA,20092010,-0.0637024860487972,0
BRENT_JOHNSON,20112012,-0.0639936981586849,0
DOMINIC_MOORE,20132014,-0.0642807970620344,-0.0642807970620344
COLTON_ORR,20132014,-0.0643182812046357,-0.0643182812046357
MATTIAS_OHLUND,20102011,-0.0650589959528163,0
JASON_SMITH,20082009,-0.0657497527911758,0
ALEXANDER_EDLER,20132014,-0.0658754985482357,-0.0658754985482357
JASON_LABARBERA,20132014,-0.0665773221522365,-0.0665773221522365
TOBY_PETERSEN,20112012,-0.0667295911540855,0
MIKE_GRIER,20092010,-0.0667580867029272,0
B.J._CROMBEEN,20132014,-0.0670650166244621,-0.0670650166244621
DALLAS_DRAKE,20072008,-0.067181999794593,0
MILAN_JURCINA,20112012,-0.0682415576732121,0
MIKE_BROWN,20132014,-0.0684013474533354,-0.0684013474533354
BRYCE_SALVADOR,20132014,-0.0686657016296688,-0.0686657016296688
JOHN_MOORE,20132014,-0.0687400882666705,-0.0687400882666705
SEBASTIEN_CARON,20112012,-0.0712750541065221,0
STEVE_BEGIN,20122013,-0.0714579903421031,0
DUSTIN_BOYD,20102011,-0.0731437553734845,0
ANDREAS_LILJA,20122013,-0.0732904224656055,0
DAVID_STECKEL,20122013,-0.0750072076430657,0
JODY_SHELLEY,20112012,-0.0788853230688319,0
BRIAN_BOYLE,20132014,-0.07942715537769,-0.07942715537769
TREVOR_LINDEN,20072008,-0.0798565863918678,0
DEREK_MORRIS,20132014,-0.0824508325305846,-0.0824508325305846
KIRK_MALTBY,20092010,-0.0825229123577308,0
ETHAN_MOREAU,20112012,-0.082795517671755,0
JARED_BOLL,20132014,-0.0828873810646826,-0.0828873810646826
DANY_SABOURIN,20082009,-0.0834608334812882,0
SAMI_KAPANEN,20072008,-0.0846054228168666,0
KURT_SAUER,20092010,-0.0851083227591767,0
JOEY_MACDONALD,20132014,-0.0853992434119799,-0.0853992434119799
DIMITRY_AFANASENKOV,20062007,-0.0867903717035787,0
AKI_BERG,20052006,-0.0869257678949984,0
NICK_LEDDY,20132014,-0.0876083643959036,-0.0876083643959036
VLADIMIR_MALAKHOV,20052006,-0.088259038690707,0
JAY_HARRISON,20132014,-0.089116051943317,-0.089116051943317
ALEXEI_EMELIN,20132014,-0.0903228831966856,-0.0903228831966856
ANDREI_ZYUZIN,20072008,-0.091456081901978,0
KONSTANTIN_KOLTSOV,20052006,-0.0922527699668881,0
RADEK_BONK,20082009,-0.0939614290311656,0
ANDY_SUTTON,20112012,-0.0945424221348299,0
MIKAEL_HOLMQVIST,20062007,-0.0951231801279013,0
MATTIAS_NORSTROM,20072008,-0.0953673639834466,0
ANDREW_FERENCE,20132014,-0.0959614019178386,-0.0959614019178386
MIKE_SANTORELLI,20132014,-0.0962204227952218,-0.0962204227952218
ERIC_CAIRNS,20052006,-0.0969721669357969,0
JED_ORTMEYER,20112012,-0.0980010244538264,0
MIKE_KOMISAREK,20132014,-0.0992139687435737,-0.0992139687435737
BRIAN_LASHOFF,20132014,-0.0993582796244053,-0.0993582796244053
DOUGLAS_MURRAY,20132014,-0.0994939971987776,-0.0994939971987776
SHAWN_BATES,20072008,-0.100356832807359,0
NINO_NIEDERREITER,20132014,-0.100608683305203,-0.100608683305203
BRIAN_LEE,20122013,-0.101661829156736,0
BRAD_WINCHESTER,20112012,-0.102907666701642,0
CALE_HULSE,20052006,-0.10317138080383,0
JUSTIN_FALK,20132014,-0.103292642666005,-0.103292642666005
RICO_FATA,20062007,-0.10391552243606,0
HANNU_TOIVONEN,20072008,-0.105011681397269,0
ERIC_BREWER,20132014,-0.105252634553357,-0.105252634553357
KENT_MANDERVILLE,20022003,-0.105453163663962,0
ADAM_HALL,20132014,-0.107979677926578,-0.107979677926578
SCOTT_HANNAN,20132014,-0.109562440369472,-0.109562440369472
BRAD_LARSEN,20072008,-0.110133369934455,0
KARLIS_SKRASTINS,20102011,-0.110521297490782,0
MATT_MARTIN,20132014,-0.111735216454556,-0.111735216454556
GREGORY_CAMPBELL,20132014,-0.113272854940565,-0.113272854940565
STEVE_EMINGER,20122013,-0.114802746737002,0
RIC_JACKMAN,20062007,-0.117393503619167,0
YANNICK_TREMBLAY,20062007,-0.117546887500038,0
MIKA_NORONEN,20052006,-0.118500653060864,0
MICHAEL_RYAN,20082009,-0.123341127642902,0
AARON_WARD,20092010,-0.125443809902947,0
SEAN_HILL,20072008,-0.128641535365446,0
JAY_MCCLEMENT,20132014,-0.12948444413789,-0.12948444413789
MAXIM_LAPIERRE,20132014,-0.130158085590788,-0.130158085590788
TYLER_WRIGHT,20052006,-0.130849244705461,0
BLAIR_BETTS,20102011,-0.133179350701708,0
JASON_WARD,20072008,-0.134217995627546,0
NICK_TARNASKY,20092010,-0.140222056148503,0
TANNER_GLASS,20132014,-0.141564892809486,-0.141564892809486
SHANE_HNIDY,20102011,-0.142213712651184,0
KELLY_BUCHBERGER,20032004,-0.143324838510601,0
PATRICK_LALIME,20102011,-0.144038302927014,0
DERON_QUINT,20062007,-0.144631669492911,0
JAMAL_MAYERS,20122013,-0.145871187694551,0
RYAN_PARENT,20102011,-0.146938668083381,0
BRETT_HULL,20052006,-0.149666891671229,0
RYAN_CRAIG,20132014,-0.150592585731942,-0.150592585731942
STEVE_MCCARTHY,20072008,-0.153943045770217,0
CAM_FOWLER,20132014,-0.155014288584739,-0.155014288584739
AARON_VOROS,20102011,-0.15538685156884,0
CHRIS_DINGMAN,20052006,-0.15902433666633,0
LUKE_RICHARDSON,20082009,-0.160330360769854,0
DAVID_RUNDBLAD,20132014,-0.160592890415444,-0.160592890415444
BRYAN_BERARD,20072008,-0.162862040454202,0
TRAVIS_MOEN,20132014,-0.165006681864809,-0.165006681864809
MATT_JONES,20072008,-0.165333007124945,0
CLARKE_WILM,20052006,-0.16584566774172,0
JAY_BOUWMEESTER,20132014,-0.167902621786903,-0.167902621786903
BRUNO_GERVAIS,20122013,-0.169860880904258,0
TIM_JACKMAN,20132014,-0.17022508426635,-0.17022508426635
BYRON_DAFOE,20032004,-0.171123344846283,0
ERIC_NYSTROM,20132014,-0.174364164027246,-0.174364164027246
TAYLOR_CHORNEY,20112012,-0.175606044987767,0
CRAIG_JOHNSON,20032004,-0.181828119104374,0
JOE_JUNEAU,20032004,-0.183002198384041,0
BRAD_FERENCE,20062007,-0.183648904917118,0
BRIAN_BOUCHER,20122013,-0.187259542028269,0
JEAN-FRANCOIS_JACQUES,20112012,-0.187823275444392,0
RICHARD_MATVICHUK,20062007,-0.188729609562802,0
DANIEL_MCGILLIS,20052006,-0.1893827964054,0
JOHN_ERSKINE,20132014,-0.190261399118092,-0.190261399118092
LUCA_SBISA,20132014,-0.190970245684077,-0.190970245684077
CRAIG_ADAMS,20132014,-0.194545015235359,-0.194545015235359
DEREK_MEECH,20122013,-0.195206115514079,0
BRENDAN_WITT,20092010,-0.197661670029809,0
JERRED_SMITHSON,20132014,-0.20169834361832,-0.20169834361832
WAYNE_PRIMEAU,20092010,-0.207132798148308,0
MARTIN_LAPOINTE,20072008,-0.207656375659538,0
RORY_FITZPATRICK,20072008,-0.215335599722541,0
WADE_BELAK,20102011,-0.218386230554698,0
STEVEN_GOERTZEN,20092010,-0.224085640033523,0
ZENON_KONOPKA,20132014,-0.225370719277391,-0.225370719277391
JEAN-PIERRE_VIGIER,20062007,-0.227862252258101,0
IVAN_MAJESKY,20052006,-0.227979837833102,0
NICLAS_WALLIN,20102011,-0.231547813248785,0
SCOTT_LACHANCE,20032004,-0.232477142539703,0
CAM_JANSSEN,20132014,-0.234592381181287,-0.234592381181287
JACK_JOHNSON,20132014,-0.235018587726169,-0.235018587726169
ENVER_LISIN,20092010,-0.243057810272646,0
RYAN_JOHNSON,20102011,-0.264059225632524,0
STEPHANE_VEILLEUX,20132014,-0.270758734808004,-0.270758734808004
DARROLL_POWE,20132014,-0.273722645058265,-0.273722645058265
JASON_STRUDWICK,20102011,-0.278545188524148,0
RYAN_HOLLWEG,20102011,-0.289487157424185,0
PHILIPPE_SAUVE,20062007,-0.316134114502525,0
JAMIE_ALLISON,20052006,-0.317060370501522,0
MATHIEU_BIRON,20052006,-0.317192747174665,0
NICLAS_HAVELID,20082009,-0.318006698948853,0
P. J._AXELSSON,20082009,-0.322731398430419,0
THOMAS_POCK,20082009,-0.363741175601351,0
ERIK_GUDBRANSON,20132014,-0.384650094674448,-0.384650094674448
RAITIS_IVANANS,20112012,-0.434289615944996,0
TIM_TAYLOR,20062007,-0.624252715302652,0
