Player,Last Active Year,Player-Team Model,Player-Only Model
PETER_FORSBERG,20102011,0.86126133949518,0.874908519127329
BRAD_MARCHAND,20132014,0.518943652876083,0.547797817822147
PATRICK_ROY,20022003,0.476882604842401,0.51529607033079
MARTIN_GELINAS,20072008,0.456963566888936,0.482462215755952
SIDNEY_CROSBY,20132014,0.44835785445677,0.433571721514438
MARIAN_HOSSA,20132014,0.42550570107968,0.451044984216791
JONATHAN_TOEWS,20132014,0.415223018253283,0.44469401666486
ERIC_FEHR,20132014,0.412872414212799,0.416931385001838
PAVEL_DATSYUK,20132014,0.405769986228077,0.423876931131677
JOE_THORNTON,20132014,0.398143698323421,0.412738267814393
NAZEM_KADRI,20132014,0.38684071687132,0.361359478945713
GABRIEL_LANDESKOG,20132014,0.382339999899453,0.441164933716018
ROB_KLINKHAMMER,20132014,0.377405449336118,0.510433855600849
ALEXANDER_SEMIN,20132014,0.375660595725221,0.373325020930535
MARIAN_GABORIK,20132014,0.37157058333049,0.371286826791406
ALEX_OVECHKIN,20132014,0.365314976870672,0.346454219140808
RYAN_GETZLAF,20132014,0.314990846098857,0.329265093673417
PATRIC_HORNQVIST,20132014,0.312749837456828,0.364461866571733
RADIM_VRBATA,20132014,0.309742272954336,0.317473785837269
HENRIK_SEDIN,20132014,0.304303703351506,0.286817095927934
STEVE_THOMAS,20032004,0.299498100621482,0.379108511549042
DANIEL_SEDIN,20132014,0.298657414439152,0.290075724516454
P.K._SUBBAN,20132014,0.297549333828591,0.275450720048554
MIKKO_KOIVU,20132014,0.297214194773524,0.288889704952507
ALEXANDER_RADULOV,20112012,0.296803129824904,0.348958657662105
LOGAN_COUTURE,20132014,0.293324850364143,0.313591942790748
DAVID_PERRON,20132014,0.292133553967068,0.319000969947899
ZIGMUND_PALFFY,20052006,0.291602004875803,0.282693802561745
BENOIT_POULIOT,20132014,0.290864941975523,0.298453962069289
DEREK_MACKENZIE,20132014,0.290012654335561,0.335702321069279
ZACH_PARISE,20132014,0.289102363076299,0.300469660869587
TYLER_KENNEDY,20132014,0.287096243615693,0.284302799131745
NATHAN_HORTON,20122013,0.286990059351927,0.32162026495782
ANDREI_MARKOV,20132014,0.284969787516802,0.2554733474544
DANIEL_ALFREDSSON,20132014,0.281349962233845,0.377772994760218
TEEMU_SELANNE,20132014,0.281148679513339,0.320639315954845
CHRIS_SIMON,20072008,0.280219601459628,0.304828497569067
LADISLAV_NAGY,20072008,0.277586409852524,0.289124706371927
JAMES_REIMER,20132014,0.276643119393803,0.233082882840326
MARTIN_HAVLAT,20122013,0.272646000295354,0.306453611397986
PIERRE-MARC_BOUCHARD,20132014,0.269334937294482,0.269464193244646
JANNIK_HANSEN,20132014,0.267723767344015,0.254557719422646
JUSTIN_WILLIAMS,20132014,0.267680562777874,0.278869096166982
PATRIK_ELIAS,20132014,0.263380289129752,0.307415812201667
KYLE_WELLWOOD,20122013,0.26117806961594,0.255064772519579
JOHAN_FRANZEN,20132014,0.260132831243891,0.288226794503378
LUBOMIR_VISNOVSKY,20132014,0.25915105668331,0.250458623699615
CHRIS_KUNITZ,20132014,0.258701197490614,0.264522594782403
EVGENI_MALKIN,20132014,0.258594278374077,0.234351792585833
ROBERT_LANG,20092010,0.258161980831411,0.260538192236017
LOUI_ERIKSSON,20132014,0.256096746080166,0.265429414052306
NICKLAS_BACKSTROM,20132014,0.25427361830979,0.250297249031386
ALEX_BURROWS,20132014,0.251345906332251,0.250995623440706
FRANS_NIELSEN,20132014,0.248702115937672,0.254283899087091
MATT_MOULSON,20132014,0.244779350352436,0.234744395416347
VINCENT_LECAVALIER,20132014,0.240301152986722,0.35104216586486
CARL_HAGELIN,20132014,0.239817100601217,0.27932309614553
DUSTIN_PENNER,20132014,0.235764369847817,0.252113435434261
JASON_ARNOTT,20112012,0.233134065625637,0.254003046686483
CAM_ATKINSON,20132014,0.233063955450188,0.268111218877949
ALEXEI_PONIKAROVSKY,20122013,0.232513709436006,0.209874063317796
ALEX_FROLOV,20102011,0.232133083301259,0.201505890333015
JAROMIR_JAGR,20132014,0.22936318878043,0.238441425144316
ALEX_TANGUAY,20132014,0.22893667310924,0.238443179947322
BRENDAN_MORRISON,20112012,0.228489132160766,0.212793298539077
RICK_NASH,20132014,0.227377268311002,0.2208625900399
STEVE_DOWNIE,20132014,0.225609683011113,0.304496069604525
EMERSON_ETEM,20132014,0.225127803765972,0.343739472222377
JAKUB_VORACEK,20132014,0.224554609635409,0.242822379304473
BRYAN_BICKELL,20132014,0.2226114375575,0.261015411749678
DUSTIN_BROWN,20132014,0.221765722104244,0.212912235298536
JORDAN_EBERLE,20132014,0.221653052305368,0.240263839344356
DAVID_KREJCI,20132014,0.219105601840039,0.227614508775923
NICKLAS_LIDSTROM,20112012,0.217856337640234,0.222572379537599
MIKHAIL_GRABOVSKI,20132014,0.217082629955979,0.183446497842358
MIKE_MOTTAU,20132014,0.215543197272516,0.233904393482925
BEN_LOVEJOY,20132014,0.214843219575092,0.204509490688625
ANZE_KOPITAR,20132014,0.214261285026729,0.205667894586724
DAN_BOYLE,20132014,0.213906882755344,0.244756171313582
CHRIS_PRONGER,20112012,0.213749521532972,0.232112718095916
TYLER_SEGUIN,20132014,0.212572211314345,0.227997365228237
THOMAS_VANEK,20132014,0.211413379727928,0.218593087294392
NATHAN_GERBE,20132014,0.209567005111012,0.241082236442846
HENRIK_ZETTERBERG,20132014,0.209233696085435,0.230784396782455
ERIK_COLE,20132014,0.208257234036638,0.20760280681347
KEITH_YANDLE,20132014,0.207013581172806,0.212959223617244
DAYMOND_LANGKOW,20112012,0.20566601924438,0.207584546283694
MILAN_LUCIC,20132014,0.203800737594442,0.219119115960922
JOE_PAVELSKI,20132014,0.203718446334762,0.227674139986654
MAREK_MALIK,20082009,0.203418137209277,0.1977608299227
DOMINIK_HASEK,20072008,0.201912607853987,0.229388372385695
TEDDY_PURCELL,20132014,0.201164589979845,0.277818523367958
SERGEI_KOSTITSYN,20122013,0.200102500603939,0.223794657765851
FREDRIK_MODIN,20102011,0.199948275266811,0.229562329297452
JOCHEN_HECHT,20122013,0.198259867071606,0.198910395982282
PATRICK_SHARP,20132014,0.196156462469541,0.225066182675117
DAVID_BACKES,20132014,0.19502589746025,0.237363856775365
CODY_FRANSON,20132014,0.194733612929352,0.167283699809457
SHANE_DOAN,20132014,0.194628446851521,0.194891612709344
BRANDON_SUTTER,20132014,0.193429580919982,0.181309343512193
MARC_SAVARD,20102011,0.192591507207945,0.205202317229469
PHIL_KESSEL,20132014,0.192164523357033,0.155317637273414
MIKE_RICHARDS,20132014,0.191319344614474,0.213230653095275
JOEL_WARD,20132014,0.190770276928821,0.21652631173745
JAROME_IGINLA,20132014,0.190578240141797,0.175167544987598
MATHIEU_PERREAULT,20132014,0.189872684381718,0.180556442731151
JIRI_HUDLER,20132014,0.18920118708752,0.19849661945186
PAUL_STASTNY,20132014,0.187775031101129,0.220260897214567
ZDENO_CHARA,20132014,0.186977773531857,0.20557595284371
BOBBY_RYAN,20132014,0.18530208105103,0.221699954851486
SCOTT_PARSE,20112012,0.18509485705806,0.227447159868761
MIKAEL_SAMUELSSON,20132014,0.184767127699843,0.202524840897494
HENRIK_LUNDQVIST,20132014,0.182088150477362,0.205273017188559
TRENT_HUNTER,20112012,0.182030773988432,0.19132442146331
MIIKKA_KIPRUSOFF,20122013,0.180560269500381,0.135993867879908
ALEX_STEEN,20132014,0.179627720051016,0.185565826194938
MICHAEL_RYDER,20132014,0.17888741428749,0.176431065878018
ERIC_DESJARDINS,20052006,0.17812671186294,0.248745833757344
CURTIS_GLENCROSS,20132014,0.177838582461957,0.176579901631718
SLAVA_VOYNOV,20132014,0.17676074436754,0.165642335169115
MILAN_HEJDUK,20122013,0.176539470349552,0.190340178935039
NOLAN_BAUMGARTNER,20092010,0.176475035608442,0.204321460564093
LEE_STEMPNIAK,20132014,0.176398031250735,0.173381381846712
LANDON_WILSON,20082009,0.175484983331502,0.233815350144196
T.J._OSHIE,20132014,0.173979096024919,0.204090217782249
PETER_SCHAEFER,20102011,0.173558316194065,0.258216000598966
ANDREI_KOSTITSYN,20112012,0.17168206076668,0.175936624965111
JASON_BLAKE,20112012,0.171179051334523,0.15665714127587
JEFF_CARTER,20132014,0.170270949844573,0.199150849950908
ADAM_HENRIQUE,20132014,0.169674956643098,0.248239550505539
KIMMO_TIMONEN,20132014,0.168716849490152,0.201305220075359
JYRKI_LUMME,20022003,0.167363822827409,0.137205636921534
BRIAN_GIONTA,20132014,0.166930192731764,0.180986620861558
MATT_CULLEN,20132014,0.166048535155568,0.166426482035201
PATRICE_BERGERON,20132014,0.165537875087714,0.172095537376375
ANDREW_LADD,20132014,0.165532597875989,0.173686520075572
KARI_LEHTONEN,20132014,0.165263195082697,0.173310088782076
MATS_SUNDIN,20082009,0.165130324632684,0.119827106703041
FERNANDO_PISANI,20102011,0.164898432484212,0.199835501263476
RYAN_SMYTH,20132014,0.164640034356891,0.176162023329574
JOZEF_STUMPEL,20072008,0.163504673327637,0.198266464356296
WOJTEK_WOLSKI,20122013,0.163441007392697,0.183956226285954
MIKE_RIBEIRO,20132014,0.162336289979851,0.163709574416682
ADAM_MCQUAID,20132014,0.161858603716287,0.153167948201392
PETR_CAJANEK,20062007,0.16053099454457,0.2128987739593
JOSH_BAILEY,20132014,0.160262427214041,0.174319085499
SEAN_AVERY,20112012,0.159465067098897,0.166458968292586
MARK_STREIT,20132014,0.15941677743701,0.142450286349886
PETER_BONDRA,20062007,0.158035347469637,0.161597698843774
TOMAS_PLEKANEC,20132014,0.156795580953406,0.146700721979464
VYACHESLAV_KOZLOV,20092010,0.156030530748501,0.166943092595353
ED_BELFOUR,20062007,0.155557835257641,0.111487920501662
MARCO_STURM,20112012,0.154272958613745,0.173556657156033
EVANDER_KANE,20132014,0.153916221938216,0.171607878641354
DEREK_ROY,20132014,0.153838328424855,0.158010617367053
OLEG_KVASHA,20052006,0.153412830840202,0.175416077221811
KRIS_VERSTEEG,20132014,0.152515516917682,0.179873747599945
TOM_PREISSING,20092010,0.151535353522852,0.187163489310695
TAYLOR_HALL,20132014,0.151446687616951,0.168323236668355
SCOTT_HARTNELL,20132014,0.150779159416401,0.185129474923525
OLLI_JOKINEN,20132014,0.149753586892807,0.177997663863164
STEVEN_REINPRECHT,20102011,0.148882740712515,0.164412584836203
NIK_ANTROPOV,20122013,0.148637285106504,0.135838995599875
MATS_ZUCCARELLO,20132014,0.14850053247099,0.203548341745659
IAN_WHITE,20122013,0.147824870589721,0.11700989901381
DEREK_STEPAN,20132014,0.146787741809133,0.170403353749693
ILYA_KOVALCHUK,20122013,0.146393633377688,0.164695548450607
OLIVER_EKMAN-LARSSON,20132014,0.146332297939408,0.148725713003501
MIKE_KNUBLE,20122013,0.146016065309456,0.162739010847751
JASON_POMINVILLE,20132014,0.144757013405268,0.153795392571637
PATRIK_BERGLUND,20132014,0.144499242271798,0.197848067399899
VIKTOR_KOZLOV,20082009,0.144314960662209,0.168873432446991
STEPHEN_WEISS,20132014,0.144200816873261,0.201416799991907
TRAVIS_ZAJAC,20132014,0.143868608981856,0.181268243531799
COLIN_WILSON,20132014,0.143862344583885,0.195719768608151
PAVOL_DEMITRA,20092010,0.14360855424375,0.157478561178092
MIKE_DUNHAM,20062007,0.143594016033096,0.149684146961909
RYAN_KESLER,20132014,0.142545217008384,0.126649876564208
SEAN_BURKE,20062007,0.14207802271191,0.191975792162602
STEVEN_STAMKOS,20132014,0.142015460104012,0.265696368812509
JONATHAN_BERNIER,20132014,0.141920725201641,0.100272290953391
TYLER_TOFFOLI,20132014,0.141352214029261,0.302531230182064
RYAN_MCDONAGH,20132014,0.140402050539933,0.133737768472918
MICHAEL_GARNETT,20052006,0.139544413060945,0.162430897831633
BRANDON_DUBINSKY,20132014,0.138799819731889,0.156237116550845
SCOTT_MELLANBY,20062007,0.137394425390086,0.167312871780082
BRYAN_LITTLE,20132014,0.136303909969081,0.150706410804487
JUSSI_JOKINEN,20132014,0.136137514452791,0.143777941956416
ROMAN_HAMRLIK,20122013,0.136047085903456,0.103324784550582
DANY_HEATLEY,20132014,0.135354684949978,0.170883492722051
STEVE_SULLIVAN,20122013,0.135323028571739,0.168862708289707
BRENDEN_MORROW,20132014,0.134595723592976,0.145158032840936
RAFFI_TORRES,20122013,0.134255032835928,0.149139143058861
BRIAN_RAFALSKI,20102011,0.133083918688126,0.144547473550126
TOBIAS_ENSTROM,20132014,0.132765441488432,0.142149266067988
WAYNE_SIMMONDS,20132014,0.13268697782224,0.151354011200034
BLAKE_WHEELER,20132014,0.132531864192011,0.146429108333568
CLAUDE_GIROUX,20132014,0.131768206684814,0.182518158005
PASCAL_DUPUIS,20132014,0.131568530497094,0.114452140428721
JERE_LEHTINEN,20092010,0.130369526293396,0.141872156436283
KEITH_TKACHUK,20092010,0.130200575332954,0.174584646309963
SERGEI_SAMSONOV,20102011,0.129925856729045,0.13421608051479
DAVID_DESHARNAIS,20132014,0.128725227601988,0.144548206501679
MATT_CARLE,20132014,0.128711318440658,0.161591492571542
CLARKE_MACARTHUR,20132014,0.126434266578239,0.131186609300651
RAY_WHITNEY,20132014,0.126270144807592,0.12859875044371
ANDY_HILBERT,20092010,0.126128376540175,0.139073752285411
ALEX_PIETRANGELO,20132014,0.125936322789488,0.164077983416003
BRIAN_ROLSTON,20112012,0.124970990297299,0.130703446062321
ALES_HEMSKY,20132014,0.124748901608553,0.150627184458113
MICHAEL_NYLANDER,20082009,0.124635885078006,0.127142362130215
ALEX_GOLIGOSKI,20132014,0.122971090959415,0.131637105173603
JOHNNY_ODUYA,20132014,0.122811669366668,0.143509725598161
BRIAN_CAMPBELL,20132014,0.121608882123026,0.139669137031331
JONATHAN_QUICK,20132014,0.120838979662312,0.0710367854460894
CAM_WARD,20132014,0.120825148399155,0.112837006245689
BRAD_BOYES,20132014,0.120102900862064,0.13992575845728
BOBBY_HOLIK,20082009,0.119069240914415,0.133025011758082
MARK_GIORDANO,20132014,0.119046604577336,0.111294044182085
DRAKE_BEREHOWSKY,20032004,0.118791484248278,0.176832201529272
SCOTTIE_UPSHALL,20132014,0.118224170352393,0.163023332257764
SERGEI_ZUBOV,20082009,0.118120482560304,0.1165866960826
TONY_AMONTE,20062007,0.117619280774131,0.149696402711061
MATT_COOKE,20132014,0.1166737049181,0.111200408958305
ANDREW_BRUNETTE,20112012,0.116415668678776,0.130212495462986
OWEN_NOLAN,20092010,0.115679735329645,0.115327975661065
ERIC_STAAL,20132014,0.114375253908866,0.0849813633216776
CURTIS_LESCHYSHYN,20032004,0.114245059754521,0.251026328837304
PHILIPPE_BOUCHER,20082009,0.113661399380511,0.116346708956659
SIMON_DESPRES,20122013,0.113517332979817,0.163658994990851
MICHAEL_GRABNER,20132014,0.112952682727625,0.116094797804796
SIMON_GAGNE,20122013,0.112519201796156,0.148623200894653
MIKE_JOHNSON,20072008,0.111266127651366,0.113488057571193
R.J._UMBERGER,20132014,0.110883679816839,0.123679642876953
ANDREW_MACDONALD,20132014,0.110439881975487,0.100514860342856
CHRISTIAN_EHRHOFF,20132014,0.110149102381406,0.116942250006451
PETR_SYKORA,20112012,0.10958562763487,0.118810071374276
JOHN_GRAHAME,20072008,0.109429542452507,0.144854030480162
JEFFREY_HAMILTON,20082009,0.108575664989446,0.135946804342922
DOUG_WEIGHT,20102011,0.106689119336535,0.132777193241499
ROMAN_CECHMANEK,20032004,0.10658961984588,0.147340369429534
DAVE_BOLLAND,20132014,0.106326123319034,0.130148357385339
MIROSLAV_SATAN,20092010,0.106281329376717,0.111440020707633
KEITH_CARNEY,20072008,0.106245567309357,0.117152579280961
KRISTIAN_HUSELIUS,20112012,0.10612557090835,0.125513277615459
BEAU_BENNETT,20132014,0.105788449747282,0.184626527309564
MICHAL_ROZSIVAL,20132014,0.105291610209474,0.118895256972314
ROBERTO_LUONGO,20132014,0.10446296040653,0.11515599680258
BRENDAN_SHANAHAN,20082009,0.104171825208451,0.131144518384597
LARS_ELLER,20132014,0.103118561371929,0.111394557265536
VILLE_LEINO,20132014,0.10297582252461,0.141174521096352
ERIC_DAZE,20052006,0.102551202710542,0.199829014964771
OLEG_SAPRYKIN,20062007,0.102367770860339,0.13080964253006
MARTIN_ERAT,20132014,0.101840999933484,0.136517837841512
ALEX_KOVALEV,20122013,0.101694694085609,0.109427623723963
CHRISTIAN_BACKMAN,20082009,0.101534507120096,0.133360097126977
VALERI_BURE,20032004,0.101529609509119,0.163521035224056
DANIEL_PAILLE,20132014,0.101061874475913,0.119027466933881
PIERRE_TURGEON,20062007,0.100540770396061,0.132562246569043
JARRET_STOLL,20132014,0.100032564771103,0.102310043613518
ANDREW_COGLIANO,20132014,0.0999996380564185,0.134376838706386
DREW_STAFFORD,20132014,0.0994962734562534,0.10991551476577
NIKOLAI_ZHERDEV,20102011,0.0994811565914545,0.122253782495493
PETER_BUDAJ,20132014,0.0985344089801677,0.12661497693903
CLAYTON_STONER,20132014,0.0968903102400829,0.103198593012227
DAVID_LEGWAND,20132014,0.0967920817287981,0.128976428194911
TOMMY_SALO,20032004,0.0962932704708998,0.0939253159355532
SERGEI_FEDOROV,20082009,0.0962887827423409,0.100553685829114
PAUL_MARTIN,20132014,0.0954260340266702,0.101489717905423
RYAN_WILSON,20132014,0.0954152912408157,0.118945174860587
ALEX_GALCHENYUK,20132014,0.0951970323047022,0.113854710188906
MAREK_SVATOS,20102011,0.0944722211560009,0.118661681610163
DAVID_AEBISCHER,20072008,0.0938320995826741,0.132720228721082
MILAN_MICHALEK,20132014,0.0931949643860503,0.147718530507213
JOHN_LECLAIR,20062007,0.0926377346741408,0.118979086576513
BRYAN_MCCABE,20102011,0.0925931009509809,0.0618689804898351
DREW_DOUGHTY,20132014,0.0924532061438285,0.0703021444580862
JOE_CORVO,20132014,0.0923059745014759,0.0858807917644131
DAVID_VYBORNY,20072008,0.0922474311677975,0.100183261920628
MIKE_GREEN,20132014,0.0916982078916932,0.0746724246274894
MATT_DUCHENE,20132014,0.0908781386955964,0.121684963011898
JORDAN_STAAL,20132014,0.0904448802027105,0.0714847836899433
SHEA_WEBER,20132014,0.0901858387110636,0.0974144981664844
JAROSLAV_SPACEK,20112012,0.0880861626736043,0.0785958446810837
TOMAS_KABERLE,20122013,0.0872870100835381,0.0290833423368102
JAN_HRDINA,20052006,0.0863323610923834,0.0914416452787356
VILLE_PELTONEN,20082009,0.0861818232813423,0.164850393590783
GARY_ROBERTS,20082009,0.0857956574120418,0.11207082043119
BILL_GUERIN,20092010,0.0851385576970082,0.0883229823933511
COREY_PERRY,20132014,0.0851081818016308,0.11523959828589
RYAN_MILLER,20132014,0.0836626472672682,0.0891251847132999
MIKKEL_BOEDKER,20132014,0.0833371552882951,0.0907924206636731
MARTIN_RUCINSKY,20072008,0.0830270821205225,0.113734374434772
JAKOB_SILFVERBERG,20132014,0.0829557774517894,0.249545557704244
CRAIG_ANDERSON,20132014,0.0824533972589702,0.133487630599802
VALTTERI_FILPPULA,20132014,0.0815774670300634,0.113789677242884
JOFFREY_LUPUL,20132014,0.0808865654300059,0.099966996611378
JIM_SLATER,20132014,0.080360099585729,0.102703608627995
JASON_CHIMERA,20132014,0.0795596796058493,0.0763324005402279
RYAN_NUGENT-HOPKINS,20132014,0.0793135029768499,0.112178834390165
TIM_CONNOLLY,20112012,0.0792859637653504,0.0802440036436298
JAROSLAV_HALAK,20132014,0.0783684399762343,0.0901061765856774
MATHIEU_SCHNEIDER,20092010,0.0775042512095809,0.0813948266561627
DAVID_SCHLEMKO,20132014,0.0773665024886153,0.089388787543784
MANNY_LEGACE,20092010,0.0772604783979917,0.098136265126177
JOHNNY_BOYCHUK,20132014,0.0772434955741707,0.0608204748083255
JURAJ_KOLNIK,20062007,0.0764231705548303,0.158062010010258
MICHEL_OUELLET,20082009,0.0752737300690995,0.118495651382388
JONATHAN_CHEECHOO,20092010,0.073878726168365,0.13284635290577
BRYAN_MUIR,20062007,0.0738767910680873,0.095978790863351
DALTON_PROUT,20132014,0.0737990865881546,0.143572197766261
JAMIE_BENN,20132014,0.0735487512303388,0.108209873309919
KEITH_AUCOIN,20122013,0.0734980137516194,0.094567774677307
CORY_STILLMAN,20102011,0.0730985333812708,0.108044278865699
MARC-EDOUARD_VLASIC,20132014,0.0730025768257365,0.0956295344674986
VACLAV_PROSPAL,20122013,0.0728639682191088,0.104395546490434
TYLER_ENNIS,20132014,0.0727689102283778,0.101089123859406
RYAN_SUTER,20132014,0.0726303428683929,0.0767352006829029
KEVIN_SHATTENKIRK,20132014,0.0717938445092931,0.107088975758639
DEREK_ARMSTRONG,20092010,0.0717451925151249,0.0354450734990785
PAVEL_KUBINA,20112012,0.0713070389718799,0.0709672022428166
JIRI_TLUSTY,20132014,0.0711275087565424,0.0787874188965803
MARC-ANDRE_FLEURY,20132014,0.0708117517979402,0.00973693785490249
DION_PHANEUF,20132014,0.0691871517721711,0.0404366534400859
TIM_THOMAS,20132014,0.0691449685092156,0.0795187400596936
RUSLAN_FEDOTENKO,20122013,0.0684449886157505,0.0941077511971174
VILLE_KOISTINEN,20092010,0.0684378779675472,0.11729621706488
JASON_SPEZZA,20132014,0.0683380218637961,0.150230054670874
JEAN-PIERRE_DUMONT,20102011,0.0671589293533175,0.0898938279698387
BRANDON_PRUST,20132014,0.0662043051554702,0.0899595921136642
STEPHANE_ROBIDAS,20132014,0.0655597173825651,0.0795103519826048
BRAD_RICHARDS,20132014,0.0652766546950075,0.11411210379418
RICH_PEVERLEY,20132014,0.0646341874822653,0.076016112536672
ALEXANDER_PEREZHOGIN,20062007,0.0645529362284933,0.101306950745107
DAVID_BOOTH,20132014,0.064222781117848,0.108336688074205
MARCUS_NILSON,20072008,0.0623912276250775,0.100643034429058
NIKLAS_HAGMAN,20112012,0.0623521806174855,0.0742193744378066
RICHARD_PARK,20112012,0.061824695784444,0.0599531680019259
MAX_PACIORETTY,20132014,0.061411116861827,0.0550120953304931
NICK_JOHNSON,20122013,0.0599867398622822,0.122465986998512
CORY_SARICH,20132014,0.0590736996880709,0.0779525582802328
JOHN_TAVARES,20132014,0.0572450431335628,0.0616091766614301
MANNY_MALHOTRA,20132014,0.0570849665245309,0.0671665675651601
MASON_RAYMOND,20132014,0.057002991846786,0.0433950915495018
MARC-ANTOINE_POULIOT,20112012,0.0561854600285941,0.107757194529046
TOMAS_HOLMSTROM,20112012,0.0552350014389971,0.0671424212731928
PATRICK_WIERCIOCH,20132014,0.0551922905696378,0.178079709156392
CORY_SCHNEIDER,20132014,0.0541449676082968,0.0627367870189283
SAKU_KOIVU,20132014,0.0539566131603694,0.0500040215821737
RONALD_PETROVICKY,20062007,0.0535812303144054,0.0865689567471303
DUNCAN_KEITH,20132014,0.0533243494156938,0.0698813664847169
COLBY_ARMSTRONG,20122013,0.052556327243954,0.0525065292001217
DEAN_MCAMMOND,20092010,0.0522828641812083,0.114022519628769
MARKUS_NASLUND,20082009,0.0519302307171389,0.0414957111702872
DEVAN_DUBNYK,20132014,0.0515357114813708,0.10936036420754
DANIEL_BRIERE,20132014,0.0512136863343756,0.0697739575684732
RICHARD_ZEDNIK,20082009,0.0511366890114699,0.0551873194442586
DEVIN_SETOGUCHI,20132014,0.0510619460279913,0.0785350145845725
SERGEI_BOBROVSKY,20132014,0.0510141995050501,0.0500446623744814
AARON_JOHNSON,20122013,0.0501019511356098,0.0567429599828046
DARIUS_KASPARAITIS,20062007,0.0495288757225437,0.0634716431531533
WES_WALZ,20072008,0.0480923273256692,0.0546453922677402
RUSLAN_SALEI,20102011,0.0478998089021792,0.063611502342741
JAKUB_KINDL,20132014,0.0467577184404532,0.0839365259124405
JAMES_VAN RIEMSDYK,20132014,0.0465953301137055,0.0753676078856904
JOE_NIEUWENDYK,20062007,0.0462765821263739,0.0638652441190228
MIKE_MODANO,20102011,0.0460818929951629,0.057916315666985
CARLO_COLAIACOVO,20122013,0.0458745522695091,0.0525950416284341
TOMAS_VOKOUN,20122013,0.0453992127789584,0.0853146767193449
NICK_FOLIGNO,20132014,0.0452200108696401,0.139082316053679
COREY_CRAWFORD,20132014,0.0451468186892882,0.0837714537697868
RYAN_CALLAHAN,20132014,0.0451423191626705,0.0616988918643538
SAMI_SALO,20132014,0.0450402278535748,0.0420674657495891
IAN_COLE,20132014,0.0446692262022434,0.149432419487699
JASON_GARRISON,20132014,0.0445662487382937,0.0725829724712247
KIM_JOHNSSON,20092010,0.0439740164107861,0.0649132996124443
SAM_GAGNER,20132014,0.0420338234029682,0.0644569538371717
ANTON_BABCHUK,20122013,0.0418966148355054,0.039525172900577
DANIEL_WINNIK,20132014,0.0418472153192394,0.0661025806529658
KRIS_LETANG,20132014,0.0406278169353278,0.0193431029283663
RENE_BOURQUE,20132014,0.0403763799489357,0.0410357321998585
NIKOLAI_KULEMIN,20132014,0.0400574634461618,0.00302030148725469
JONI_PITKANEN,20122013,0.0398920162490445,0.0417410868470831
RANDY_ROBITAILLE,20072008,0.03883949436295,0.0643302635757444
MATT_STAJAN,20132014,0.0386082359885593,0
MARK_LETESTU,20132014,0.0380532964756526,0.0408014614568426
BRENDAN_GALLAGHER,20132014,0.03717413716164,0.0780266544012335
ADAM_OATES,20032004,0.0369469234534658,0.0766915902239151
ILYA_BRYZGALOV,20122013,0.0355297134879594,0.0472779373296299
RICK_DIPIETRO,20122013,0.0341681080752154,0.0271885389883689
JOHN-MICHAEL_LILES,20122013,0.0332575233902068,0.0403418596206027
ROSTISLAV_KLESLA,20132014,0.032789622267161,0.0327473145966992
DAINIUS_ZUBRUS,20132014,0.0326132605713833,0.0513672144145592
MARTIN_GERBER,20102011,0.0325075089174236,0.0602203459461163
ROBERT_NILSSON,20092010,0.0324200621477299,0.0645917304728939
PETER_MUELLER,20122013,0.0319508209880096,0.0498417986494117
WILLIE_MITCHELL,20132014,0.0315003015759198,0.0172620306083013
TODD_BERTUZZI,20132014,0.0309348460388302,0.0332074565497737
JASON_DEMERS,20132014,0.0307659035861694,0.0595574433996833
MICHAEL_SAUER,20112012,0.0297232375506007,0.0642451098495574
JAMES_NEAL,20132014,0.0293784166886913,0.0153036212348605
DAVID_MOSS,20132014,0.0288299431990236,0.021966420450069
ADRIAN_AUCOIN,20122013,0.0286725993180849,0.0274275930637669
CRISTOBAL_HUET,20092010,0.028656011837617,0.0402374095231164
MARC-ANDRE_BERGERON,20122013,0.028415316077321,0.033889607648017
JAMES_WISNIEWSKI,20132014,0.0281599231244888,0.0334345129810592
BRENT_SEABROOK,20132014,0.0280787243847359,0.0409277893556028
MICHAEL_PECA,20082009,0.0280134680985697,0.0330139964758095
TUOMO_RUUTU,20132014,0.0277957992972323,0.0352809219959911
ALYN_MCCAULEY,20062007,0.026961107501965,0.091374650214925
CRAIG_CONROY,20102011,0.0266943599407858,0.015241058463617
MARTY_TURCO,20112012,0.0262197384096378,0.0386920036192891
NIKOLAI_KHABIBULIN,20132014,0.02593305198147,0.0809517708997379
P.A._PARENTEAU,20132014,0.0234786627284489,0.0462219975429786
ERIK_GUSTAFSSON,20132014,0.0231700507014191,0.105349842364037
GLEN_METROPOLIT,20092010,0.0230476474372377,0.0416619206346033
BRENT_BURNS,20132014,0.0216333752359769,0.0318246764887313
TUUKKA_RASK,20132014,0.0213939639978025,0.0202387813129187
CURTIS_JOSEPH,20082009,0.0211093956489987,0.028634612446736
TYLER_ARNASON,20082009,0.0203014103918135,0.065713965951999
RYANE_CLOWE,20132014,0.019810117629361,0.037464310844773
MATT_NISKANEN,20132014,0.0196448034057101,0.021626579886757
CAL_CLUTTERBUCK,20132014,0.019035448019197,0.0442980294449148
NIGEL_DAWES,20102011,0.0186293605813436,0.0369263949879607
TAYLOR_PYATT,20132014,0.0181394462865191,0.0246272210768689
CHRIS_NEIL,20132014,0.0181376667003141,0.112222050917754
SEMYON_VARLAMOV,20132014,0.0179237355093337,0.0340293468518421
JEAN-SEBASTIEN_GIGUERE,20132014,0.0177396319133253,0.0446649678104864
KENNY_JONSSON,20032004,0.0174578821180915,0.0115052227470887
MATT_BRADLEY,20112012,0.0172678452020326,0.0322664501796307
PEKKA_RINNE,20132014,0.016727695580235,0.0579343309329473
JOE_SAKIC,20082009,0.0157843034465825,0.0409335018269491
LUC_ROBITAILLE,20052006,0.0155883290579075,0.0262501860596027
TOM_POTI,20122013,0.0151889210219959,0.00530934930013143
JACK_HILLEN,20132014,0.0142002191491795,0.00492317376860526
RYAN_MALONE,20132014,0.0137706595913749,0.04333873195155
SCOTT_CLEMMENSEN,20132014,0.013059058612255,0.0888208587516417
SERGEI_GONCHAR,20132014,0.0130003362179674,0.00123447713465504
ALEC_MARTINEZ,20132014,0.0129643424857985,0.0135774191789018
COLIN_GREENING,20132014,0.0123999979462479,0.110749981051113
DMITRI_KALININ,20082009,0.012049505203407,0.016378543599827
PAUL_GAUSTAD,20132014,0.0118752334885845,0.0293851502874669
VESA_TOSKALA,20092010,0.0116810700322798,0
RADEK_DVORAK,20132014,0.0115563284249154,0.0412198425080858
BENN_FERRIERO,20122013,0.0110895231238411,0.095505068504682
JOSH_GORGES,20132014,0.0110696079878975,0
ALES_KOTALIK,20102011,0.0110654024001577,0.0158840998249033
JEFF_SKINNER,20132014,0.0109780847363605,0.0194708911975201
CHRIS_DRURY,20102011,0.0102857324557568,0.0142423727369842
ANTOINE_VERMETTE,20132014,0.0102712361300606,0.0511513438970864
GLEN_WESLEY,20072008,0.0100736285562464,0
NIKLAS_HJALMARSSON,20132014,0.00936363212236146,0.0352228465925622
MARK_PARRISH,20102011,0.00931648213683985,0.023150285338635
MATTHEW_BARNABY,20062007,0.00870595812404384,0.0448629075745735
TOM_GILBERT,20132014,0.00820259067447119,0.0147513408667255
NIKITA_NIKITIN,20132014,0.00786781512386653,0.030764518192424
JAMIE_LANGENBRUNNER,20122013,0.00771560874977621,0.0306212147625913
CHRISTOPHER_TANEV,20132014,0.00740601641688165,0.0224123248032969
BROOKS_LAICH,20132014,0.0072884646305526,0
ANTTI_NIEMI,20132014,0.00711474175723215,0.0524678643712607
STEVE_RUCCHIN,20062007,0.00702078490217296,0.0358263046424181
ARTEM_ANISIMOV,20132014,0.00653155863056059,0.0298147095797092
AL_MONTOYA,20132014,0.00653084179329937,0.0214566041383641
MIKE_CAMMALLERI,20132014,0.00631583749333754,0
JAN_HEJDA,20132014,0.00594475662608841,0.0138181554372772
ANDY_MCDONALD,20122013,0.0054003717227884,0.0301615349788952
DANIEL_CLEARY,20132014,0.00361779893090324,0.0262761043764278
JONAS_HILLER,20132014,0.00342223002556062,0.0581542714839963
JARED_SPURGEON,20132014,0.00328591000361319,0.0313142436717835
FILIP_KUBA,20122013,0.00293877185073202,0.0490999700701826
ALEKSEY_MOROZOV,20032004,0.00243659056190765,0.0373728895522223
MATT_HALISCHUK,20132014,0.00207653486244853,0.0715786975731523
ALEXEI_YASHIN,20062007,0.00157956476034873,0
MARC-ANDRE_GRAGNANI,20112012,0.000379241722628119,0.0425022293754161
KEN_KLEE,20082009,0.000118784393308226,0
ERIC_WELLWOOD,20112012,0,0.129450654126451
CORY_CONACHER,20132014,0,0.122279971211988
ERIK_CONDRA,20132014,0,0.112700674213014
ALES_PISA,20022003,0,0.108390187525287
EVGENY_ARTYUKHIN,20092010,0,0.0994881201519283
PETER_REGIN,20132014,0,0.0845488453167894
CHRIS_KELLY,20132014,0,0.0781570553464837
MARTIN_BRODEUR,20132014,0,0.071872424975096
BRANDON_SAAD,20132014,0,0.0661291461343318
ROSTISLAV_OLESZ,20132014,0,0.0629119138011588
GUSTAV_NYQUIST,20122013,0,0.0621913721622665
BEN_BISHOP,20132014,0,0.0614200135216964
VIKTOR_FASTH,20132014,0,0.0609848821882877
KYLE_PALMIERI,20132014,0,0.0598692380342943
MATT_READ,20132014,0,0.0563685389479663
DAVID_VAN DER GULIK,20122013,0,0.050960371886212
ANTON_VOLCHENKOV,20132014,0,0.0508729087224384
SEAN_COUTURIER,20132014,0,0.0500669705150011
ZACK_STORTINI,20102011,0,0.0484927117480351
JOHAN_HOLMQVIST,20072008,0,0.0432800478653581
ROBERT_ESCHE,20062007,0,0.042658145823975
JIRI_SLEGR,20052006,0,0.0416768790810644
ERIC_BOGUNIECKI,20052006,0,0.0414673033322722
MIKE_FISHER,20132014,0,0.0391769741470205
MAGNUS_ARVEDSON,20032004,0,0.0390389202873378
JUSTIN_ABDELKADER,20132014,0,0.0379998012769345
SHAWN_MATTHIAS,20132014,0,0.0376270405111002
KAMIL_KREPS,20092010,0,0.0365790395502123
MIKE_LECLERC,20052006,0,0.0353728264723805
RYAN_JONES,20132014,0,0.0346592500463564
MARCEL_GOC,20132014,0,0.0343206288733856
JORDIN_TOOTOO,20132014,0,0.0316208110193154
DAN_CARCILLO,20132014,0,0.031062128910583
MARK_BELL,20072008,0,0.0304383424470271
SEAN_BERGENHEIM,20132014,0,0.0300064266604355
JAROSLAV_BALASTIK,20062007,0,0.0296407019661059
ERIK_JOHNSON,20132014,0,0.0284463217761468
PATRICK_MARLEAU,20132014,0,0.0242179318903748
MIKE_COMRIE,20102011,0,0.0229663380634073
MICHAEL_FROLIK,20132014,0,0.0196806834355945
BARRET_JACKMAN,20132014,0,0.0192905528573159
EVGENI_NABOKOV,20132014,0,0.0187377255937386
VLADIMIR_TARASENKO,20132014,0,0.0183911717071034
DAN_FRITSCHE,20082009,0,0.0182973121926527
JAN_HLAVAC,20072008,0,0.0176925202781953
JEFF_WOYWITKA,20112012,0,0.0174526843812836
TOMAS_FLEISCHMANN,20132014,0,0.0156294580570219
MARK_FAYNE,20132014,0,0.0141335809780227
JIMMY_HOWARD,20132014,0,0.0125005718193583
DWAYNE_ROLOSON,20112012,0,0.0103387110408311
SHAWN_HORCOFF,20132014,0,0.0102677381817972
JACOB_JOSEFSON,20132014,0,0.00964936894674347
WADE_REDDEN,20122013,0,0.00878712363312173
BRIAN_POTHIER,20092010,0,0.00850613809260197
RANDY_JONES,20112012,0,0.00754846224302721
SHEAN_DONOVAN,20092010,0,0.0074757229965149
BRAYDON_COBURN,20132014,0,0.0046242929759837
DAVID_CLARKSON,20132014,0,0.00388392737757864
GUILLAUME_LATENDRESSE,20122013,0,0.00352770464977681
JASON_WOOLLEY,20052006,0,0.00179970217052857
MARTIN_HANZAL,20132014,0,0.00126202707240294
RYAN_ELLIS,20132014,0,0.000628936291582746
SCOTT_NIEDERMAYER,20092010,0,3.94999793352908e-05
ANSON_CARTER,20062007,0,0
ULF_DAHLEN,20022003,0,0
ROB_DIMAIO,20052006,0,0
JIRI_DOPITA,20022003,0,0
SCOTT_FERGUSON,20052006,0,0
JOSH_GREEN,20112012,0,0
KARI_HAAKANA,20022003,0,0
DERIAN_HATCHER,20072008,0,0
NIKO_KAPANEN,20072008,0,0
GEORGES_LARAQUE,20092010,0,0
JUSSI_MARKKANEN,20062007,0,0
KIRK_MULLER,20022003,0,0
SCOTT_PELLERIN,20032004,0,0
STEVE_STAIOS,20112012,0,0
BRIAN_SWANSON,20022003,0,0
DARRYL_SYDOR,20092010,0,0
RON_TUGNUTT,20032004,0,0
SCOTT_YOUNG,20052006,0,0
ARRON_ASHAM,20132014,0,0
PATRICK_DESROCHERS,20022003,0,0
DARCY_HORDICHUK,20122013,0,0
BRAD_ISBISTER,20072008,0,0
CLAUDE_LAPOINTE,20032004,0,0
JUSTIN_MAPLETOFT,20032004,0,0
DANNY_MARKOV,20062007,0,0
RADEK_MARTINEK,20132014,0,0
ANDREI_NAZAROV,20052006,0,0
TEPPO_NUMMINEN,20082009,0,0
DAVE_SCATCHARD,20102011,0,0
GARTH_SNOW,20052006,0,0
MATTIAS_TIMANDER,20032004,0,0
STEVE_WEBB,20032004,0,0
JASON_WIEMER,20052006,0,0
DENNIS_BONVIE,20022003,0,0
DONALD_BRASHEAR,20092010,0,0
PAVEL_BRENDL,20052006,0,0
MICHAL_HANDZUS,20132014,0,0
JODY_HULL,20022003,0,0
KIRBY_LAW,20032004,0,0
KEITH_PRIMEAU,20052006,0,0
MARTIN_PRUSEK,20052006,0,0
PAUL_RANHEIM,20022003,0,0
JEREMY_ROENICK,20082009,0,0
ANDRE_SAVAGE,20022003,0,0
PETR_SCHASTLIVY,20032004,0,0
TODD_WHITE,20102011,0,0
PATRICE_BRISEBOIS,20082009,0,0
DAN_BYLSMA,20032004,0,0
STANISLAV_CHISTOV,20062007,0,0
MARC_CHOUINARD,20062007,0,0
MARIUSZ_CZERKAWSKI,20052006,0,0
ANDREAS_DACKELL,20032004,0,0
DOUG_GILMOUR,20022003,0,0
RON_HAINSEY,20132014,0,0
PAUL_KARIYA,20092010,0,0
PATRIC_KJELLBERG,20022003,0,0
JASON_KROG,20082009,0,0
BILL_LINDSAY,20032004,0,0
RANDY_MCKAY,20022003,0,0
CHRIS_O'SULLIVAN,20022003,0,0
YANIC_PERREAULT,20072008,0,0
OLEG_PETROV,20022003,0,0
STEPHANE_QUINTAL,20032004,0,0
KEVIN_SAWYER,20022003,0,0
VITALY_VISHNEVSKI,20072008,0,0
BATES_BATTAGLIA,20062007,0,0
JESSE_BOULERICE,20072008,0,0
SERGEI_BRYLIN,20072008,0,0
KEN_DANEYKO,20022003,0,0
JEFF_DANIELS,20022003,0,0
MIKE_DANTON,20032004,0,0
RON_FRANCIS,20032004,0,0
JEFF_FRIESEN,20062007,0,0
ARTURS_IRBE,20032004,0,0
DARREN_LANGDON,20052006,0,0
JOHN_MADDEN,20112012,0,0
JIM_MCKENZIE,20032004,0,0
COREY_SCHWAB,20032004,0,0
SCOTT_STEVENS,20032004,0,0
TURNER_STEVENSON,20052006,0,0
JAROSLAV_SVOBODA,20052006,0,0
JASON_ALLISON,20052006,0,0
LUBOS_BARTECKO,20022003,0,0
JAROSLAV_BEDNAR,20032004,0,0
JEFF_COWAN,20072008,0,0
ADAM_DEADMARSH,20022003,0,0
MIKKO_ELORANTA,20022003,0,0
TONY_HRKAC,20022003,0,0
TOMI_KALLIO,20022003,0,0
IAN_LAPERRIERE,20092010,0,0
FRANCIS_LESSARD,20102011,0,0
CHRIS_MCALPINE,20022003,0,0
JAROSLAV_MODRY,20072008,0,0
FELIX_POTVIN,20032004,0,0
ERIK_RASMUSSEN,20062007,0,0
RICHARD_SMEHLIK,20022003,0,0
BRYAN_SMOLINSKI,20072008,0,0
DAN_SNYDER,20022003,0,0
PATRIK_STEFAN,20062007,0,0
JAMIE_STORR,20032004,0,0
SERGEI_BEREZIN,20022003,0,0
ANDREW_CASSELS,20052006,0,0
MARC_DENIS,20082009,0,0
PHIL_HOUSLEY,20022003,0,0
HANNES_HYVONEN,20022003,0,0
ESPEN_KNUTSEN,20032004,0,0
JEAN_LABBE,20022003,0,0
GRANT_MARSHALL,20052006,0,0
BORIS_MIRONOV,20032004,0,0
STEVE_PASSMORE,20032004,0,0
GEOFF_SANDERSON,20072008,0,0
MIKE_SILLINGER,20082009,0,0
SHAWN_THORNTON,20132014,0,0
RYAN_VANDENBUSSCHE,20052006,0,0
DERRICK_WALSER,20062007,0,0
ALEXEI_ZHAMNOV,20052006,0,0
CURTIS_BROWN,20072008,0,0
ARTEM_CHUBAROV,20032004,0,0
DAN_CLOUTIER,20072008,0,0
CHRIS_GRATTON,20082009,0,0
ED_JOVANOVSKI,20122013,0,0
TRENT_KLATT,20032004,0,0
ADAM_MAIR,20102011,0,0
JAMES_PATRICK,20032004,0,0
JARKKO_RUUTU,20102011,0,0
PETER_SKUDRA,20022003,0,0
HENRIK_TALLINDER,20132014,0,0
J-SEBASTIEN_AUBIN,20072008,0,0
KRIS_BEECH,20072008,0,0
ALEXANDRE_DAIGLE,20052006,0,0
JOHAN_HEDBERG,20122013,0,0
JANNE_LAUKKANEN,20022003,0,0
IAN_MORAN,20062007,0,0
BRAD_SMYTH,20022003,0,0
P.J._AXELSSON,20072008,0,0
RICK_BERRY,20032004,0,0
CRAIG_BILLINGTON,20022003,0,0
SEBASTIEN_CHARPENTIER,20032004,0,0
JEAN-FRANCOIS_FORTIN,20022003,0,0
JONATHAN_GIRARD,20022003,0,0
MICHAL_GROSEK,20032004,0,0
IVAN_HUML,20032004,0,0
CALLE_JOHANSSON,20032004,0,0
STEVE_KONOWALCHUK,20052006,0,0
JARNO_KULTANEN,20022003,0,0
MARTY_MCINNIS,20022003,0,0
KIP_MILLER,20032004,0,0
SEAN_O'DONNELL,20112012,0,0
ANDREAS_SALOMONSSON,20022003,0,0
STEVE_SHIELDS,20052006,0,0
P.J._STOCK,20022003,0,0
ROB_ZAMUNER,20032004,0,0
DAVE_ANDREYCHUK,20052006,0,0
PAVEL_BURE,20022003,0,0
BEN_CLYMER,20062007,0,0
KEVIN_HODSON,20022003,0,0
SHELDON_KEEFE,20022003,0,0
BRIAN_LEETCH,20052006,0,0
SYLVAIN_LEFEBVRE,20022003,0,0
ERIC_LINDROS,20062007,0,0
JAMIE_LUNDMARK,20092010,0,0
SANDY_MCCARTHY,20032004,0,0
MARK_MESSIER,20032004,0,0
REM_MURRAY,20052006,0,0
STAN_NECKAR,20032004,0,0
PETR_NEDVED,20062007,0,0
JIMMIE_OLVESTAD,20022003,0,0
MIKE_RICHTER,20022003,0,0
ANDRE_ROY,20082009,0,0
MARTIN_ST. LOUIS,20132014,0,0
FRED_BRATHWAITE,20032004,0,0
GREG_CLASSEN,20022003,0,0
BRENT_GILCHRIST,20022003,0,0
BILL_HOULDER,20022003,0,0
ANDREAS_JOHANSSON,20032004,0,0
ALEXANDER_KHAVANOV,20052006,0,0
TOM_KOIVISTO,20022003,0,0
REED_LOW,20062007,0,0
AL_MACINNIS,20032004,0,0
VLADIMIR_ORSZAGH,20052006,0,0
DENIS_PEDERSON,20022003,0,0
SHJON_PODEIN,20022003,0,0
MIKE_VAN RYN,20082009,0,0
VITALI_YACHMENEV,20022003,0,0
JASON_YORK,20062007,0,0
PIERRE_DAGENAIS,20052006,0,0
STEPHANE_MATTEAU,20022003,0,0
DENIS_SHVIDKI,20022003,0,0
JEFF_TOMS,20022003,0,0
IGOR_ULANOV,20052006,0,0
DMITRY_YUSHKEVICH,20022003,0,0
DON_SWEENEY,20032004,0,0
YURI_BUTSAYEV,20022003,0,0
SHAYNE_CORSON,20032004,0,0
TIE_DOMI,20052006,0,0
TOM_FITZGERALD,20052006,0,0
TRAVIS_GREEN,20062007,0,0
CHRIS_HERPERGER,20022003,0,0
JONAS_HOGLUND,20022003,0,0
TREVOR_KIDD,20032004,0,0
ALEXANDER_MOGILNY,20052006,0,0
JEFF_ODGERS,20022003,0,0
KAREL_PILAR,20032004,0,0
ROBERT_REICHEL,20032004,0,0
MIKAEL_RENBERG,20032004,0,0
ROBERT_SVEHLA,20022003,0,0
MIKE_WEAVER,20132014,0,0
RADOVAN_SOMIK,20032004,0,0
BRAD_BROWN,20032004,0,0
VINCENT_DAMPHOUSSE,20032004,0,0
JIM_DOWD,20072008,0,0
MANNY_FERNANDEZ,20082009,0,0
ADAM_GRAVES,20022003,0,0
TODD_HARVEY,20052006,0,0
JOHN_JAKOPIN,20022003,0,0
JEFF_JILLSON,20052006,0,0
MATT_JOHNSON,20032004,0,0
BRYAN_MARCHMENT,20052006,0,0
JASON_MARSHALL,20052006,0,0
MARCUS_RAGNARSSON,20032004,0,0
CLIFF_RONNING,20032004,0,0
MARK_SMITH,20072008,0,0
NIKLAS_SUNDSTROM,20052006,0,0
SERGEI_ZHOLTOK,20032004,0,0
NATHAN_DEMPSEY,20062007,0,0
STEVE_KELLY,20022003,0,0
CRAIG_BERUBE,20022003,0,0
BOB_BOUGHNER,20052006,0,0
PETR_BUZEK,20022003,0,0
CHRIS_CLARK,20102011,0,0
CHUCK_KOBASEW,20132014,0,0
TONI_LYDMAN,20122013,0,0
JAMIE_MCLENNAN,20062007,0,0
ROB_NIEDERMAYER,20102011,0,0
ROB_RAY,20032004,0,0
JAMIE_WRIGHT,20022003,0,0
SERGE_AUBIN,20052006,0,0
ROB_BLAKE,20092010,0,0
HAROLD_DRUKEN,20032004,0,0
DAN_HINOTE,20082009,0,0
MIKE_KEANE,20032004,0,0
ERIC_MESSIER,20032004,0,0
VACLAV_NEDOROST,20032004,0,0
JEFF_SHANTZ,20022003,0,0
D.J._SMITH,20022003,0,0
SYLVAIN_BLOUIN,20022003,0,0
PATRICK_TRAVERSE,20022003,0,0
TOMMY_WESTLUND,20022003,0,0
J-LUC_GRAND-PIERRE,20032004,0,0
ANDREI_NIKOLISHIN,20032004,0,0
JAY_PANDOLFO,20122013,0,0
MATHIEU_DANDENAULT,20082009,0,0
BOYD_DEVEREAUX,20082009,0,0
MAXIM_KUZNETSOV,20032004,0,0
IGOR_LARIONOV,20032004,0,0
DARREN_MCCARTY,20082009,0,0
JESSE_WALLIN,20022003,0,0
JASON_WILLIAMS,20112012,0,0
ALEX_HENRY,20082009,0,0
MILAN_KRAFT,20032004,0,0
PETER_WORRELL,20032004,0,0
TODD_WARRINER,20022003,0,0
BRAD_NORTON,20062007,0,0
KEVIN_DINEEN,20022003,0,0
LYNN_LOYNS,20032004,0,0
FREDRIK_OLAUSSON,20022003,0,0
ERIC_MANLOW,20032004,0,0
MATTIAS_WEINHANDL,20062007,0,0
MATS_LINDGREN,20022003,0,0
LADISLAV_BENYSEK,20022003,0,0
TED_DONATO,20032004,0,0
DIXON_WARD,20022003,0,0
BLAKE_SLOAN,20032004,0,0
MARTIN_STRAKA,20072008,0,0
SAMI_HELENIUS,20022003,0,0
ALEXEI_SMIRNOV,20032004,0,0
WADE_FLAHERTY,20022003,0,0
DONALD_AUDETTE,20032004,0,0
TOM_BARRASSO,20022003,0,0
MATT_DAVIDSON,20022003,0,0
CAMERON_MANN,20022003,0,0
NOLAN_PRATT,20072008,0,0
JOSH_HOLDEN,20022003,0,0
TYSON_NASH,20052006,0,0
CHRISTIAN_BERGLUND,20032004,0,0
AARON_DOWNEY,20082009,0,0
SCOTT_PARKER,20062007,0,0
ANDY_BERENZWEIG,20022003,0,0
SHAWN_HEINS,20032004,0,0
LANCE_WARD,20032004,0,0
PAVEL_TRNKA,20032004,0,0
STEVE_MONTADOR,20112012,0,0
MARK_GREIG,20022003,0,0
DMITRI_BYKOV,20022003,0,0
TOMMY_ALBELIN,20052006,0,0
ANDREJ_NEDOROST,20032004,0,0
NATHAN_PERROTT,20052006,0,0
DARREN_HAYDAR,20072008,0,0
PAUL_HEALEY,20022003,0,0
MATT_HERR,20022003,0,0
CRAIG_DARBY,20032004,0,0
MICKI_DUPONT,20072008,0,0
SERGEI_VARLAMOV,20022003,0,0
LEE_GOREN,20062007,0,0
LASSE_PIRJETA,20052006,0,0
GUILLAUME_LEFEBVRE,20052006,0,0
CRAIG_MACDONALD,20082009,0,0
IVAN_CIERNIK,20032004,0,0
RYAN_KRAFT,20022003,0,0
STEVE_MOORE,20032004,0,0
BRIAN_WILLSIE,20102011,0,0
CHRISTIAN_LAFLAMME,20032004,0,0
KYLE_WANVIG,20072008,0,0
COLIN_FORBES,20052006,0,0
SCOTT_WALKER,20092010,0,0
PAVEL_ROSA,20022003,0,0
MARK_HARTIGAN,20072008,0,0
PETER_WHITE,20032004,0,0
KIP_BRENNAN,20052006,0,0
STEVE_HEINZE,20022003,0,0
MICHAL_SIVEK,20022003,0,0
KAREL_RACHUNEK,20072008,0,0
DAVE_KARPA,20022003,0,0
RADOSLAV_HECL,20022003,0,0
JEAN-MARC_PELLETIER,20032004,0,0
JONATHAN_HEDSTROM,20052006,0,0
REID_SIMPSON,20022003,0,0
JAN_LASAK,20022003,0,0
ERIC_GODARD,20102011,0,0
JOSEF_VASICEK,20072008,0,0
THEOREN_FLEURY,20022003,0,0
MARC_LAMOTHE,20032004,0,0
STEVE_DUBINSKY,20022003,0,0
JIRI_BICEK,20032004,0,0
ROMAN_LYASHENKO,20022003,0,0
JUSTIN_PAPINEAU,20032004,0,0
DARREN_RUMBLE,20032004,0,0
JASON_BOTTERILL,20032004,0,0
BRETT_MCLEAN,20082009,0,0
ROSS_LUPASCHUK,20022003,0,0
JONATHAN_SIM,20102011,0,0
TRENT_WHITFIELD,20092010,0,0
RICKARD_WALLIN,20092010,0,0
JIM_FAHEY,20062007,0,0
NORMAN_MILLEY,20052006,0,0
STEVE_OTT,20132014,0,0
KIRILL_SAFRONOV,20022003,0,0
TOMAS_MALEC,20052006,0,0
GORDIE_DWYER,20022003,0,0
RICHARD_LINTNER,20022003,0,0
BRAD_TAPPER,20022003,0,0
LADISLAV_KOHN,20022003,0,0
ZAC_BIERK,20032004,0,0
JARED_AULIN,20022003,0,0
STEVE_MARTINS,20052006,0,0
IAN_MACNEIL,20022003,0,0
BRANISLAV_MEZEI,20072008,0,0
BILLY_TIBBETTS,20022003,0,0
PATRICK_BOILEAU,20032004,0,0
ZENITH_KOMARNISKI,20032004,0,0
ALAIN_NASREDDINE,20072008,0,0
TYLER_MOSS,20022003,0,0
CORY_CROSS,20052006,0,0
DENIS_HAMEL,20062007,0,0
RIKU_HAHL,20032004,0,0
CHARLIE_STEPHENS,20032004,0,0
JEREMY_STEVENSON,20052006,0,0
BRIAN_FINLEY,20062007,0,0
DAN_FOCHT,20032004,0,0
ALEXEI_SEMENOV,20082009,0,0
BOBBY_ALLEN,20072008,0,0
MICHAEL_LEIGHTON,20122013,0,0
STEVEN_HALKO,20022003,0,0
STEVENN_HALKO,20022003,0,0
AARON_GAVEY,20022003,0,0
PAUL_MANNING,20022003,0,0
JOHN_TRIPP,20032004,0,0
DIETER_KOCHAN,20022003,0,0
ROB_VALICEVIC,20032004,0,0
TOM_KOSTOPOULOS,20122013,0,0
JAROSLAV_KRISTEK,20022003,0,0
JEFF_TAFFE,20112012,0,0
JAMIE_RIVERS,20062007,0,0
ROBERT_SCHNABEL,20032004,0,0
MIKE_RUPP,20122013,0,0
TOMAS_KLOUCEK,20032004,0,0
MATHIEU_DARCHE,20112012,0,0
BRANDON_SMITH,20022003,0,0
RICHARD_BRENNAN,20022003,0,0
MARTIN_SAMUELSSON,20032004,0,0
JOE_SACCO,20022003,0,0
BRYAN_HELMER,20082009,0,0
DAVE_LOWRY,20032004,0,0
JEFF_HEEREMA,20032004,0,0
NIKITA_ALEXEEV,20062007,0,0
ANDERS_ERIKSSON,20092010,0,0
JANI_RITA,20052006,0,0
KRIS_VERNARSKY,20032004,0,0
DAVID_LING,20032004,0,0
COREY_HIRSCH,20022003,0,0
TOMAS_ZIZKA,20032004,0,0
JEFF_FARKAS,20022003,0,0
MAXIM_AFINOGENOV,20092010,0,0
TONI_DAHLMAN,20022003,0,0
KYLE_ROSSITER,20032004,0,0
SCOTT_BARNEY,20052006,0,0
JOSH_HARDING,20132014,0,0
ERIC_CHOUINARD,20032004,0,0
JOSH_LANGFELD,20062007,0,0
ERIC_NICKULAS,20052006,0,0
RYAN_FLINN,20022003,0,0
MARTIN_GRENIER,20062007,0,0
ERIC_BEAUDOIN,20032004,0,0
ZDENEK_KUTLAK,20032004,0,0
CHRIS_SCHMIDT,20022003,0,0
NICHOLAS_DIMITRAKOS,20062007,0,0
MIKE_WILSON,20022003,0,0
RAYMOND_GIROUX,20032004,0,0
TOMAS_SUROVY,20052006,0,0
RYAN_BAYDA,20082009,0,0
UWE_KRUPP,20022003,0,0
FREDERIC_CASSIVI,20062007,0,0
MIKKO_JOKELA,20022003,0,0
BURKE_HENRY,20032004,0,0
STEPHEN_VALIQUETTE,20092010,0,0
STEVE_YZERMAN,20052006,0,0
TOMAS_KURKA,20032004,0,0
MICHAEL_ZIGOMANIS,20102011,0,0
TY_CONKLIN,20112012,0,0
CURTIS_SANFORD,20112012,0,0
BRANDON_REID,20062007,0,0
ALAN_LETANG,20022003,0,0
JOEY_TETARENKO,20022003,0,0
PAT_KAVANAGH,20052006,0,0
CHAD_WISEMAN,20052006,0,0
JASON_BACASHIHUA,20062007,0,0
MAXIME_OUELLET,20052006,0,0
JESSE_FIBIGER,20022003,0,0
SIMON_GAMACHE,20072008,0,0
DAVID_OLIVER,20052006,0,0
ERIC_MELOCHE,20062007,0,0
ROB_DAVISON,20082009,0,0
BRAD_DEFAUW,20022003,0,0
DARREL_SCOVILLE,20032004,0,0
GARNET_EXELBY,20092010,0,0
MIROSLAV_ZALESAK,20022003,0,0
DOUG_JANIK,20112012,0,0
CHRIS_TAYLOR,20032004,0,0
TODD_GILL,20022003,0,0
IGOR_KRAVCHUK,20022003,0,0
JASON_KING,20072008,0,0
DAMIAN_SURMA,20032004,0,0
DOUG_HOUDA,20022003,0,0
ZDENEK_BLATNY,20052006,0,0
NEIL_LITTLE,20032004,0,0
JASON_HOLLAND,20032004,0,0
MIKE_WATT,20022003,0,0
IGOR_RADULOV,20032004,0,0
JOSEF_BOUMEDIENNE,20032004,0,0
CAM_SEVERSON,20032004,0,0
KURTIS_FOSTER,20122013,0,0
MILAN_BARTOVIC,20052006,0,0
KAMIL_PIROS,20032004,0,0
KENT_MCDONELL,20032004,0,0
BILL_MUCKALT,20022003,0,0
KRYS_KOLANOS,20112012,0,0
TOMI_PETTINEN,20052006,0,0
PETER_SEJNA,20062007,0,0
DAVID_HALE,20102011,0,0
GARRETT_BURNETT,20032004,0,0
ANTTI_MIETTINEN,20122013,0,0
CHRISTOPH_BRANDNER,20032004,0,0
LASSE_KUKKONEN,20082009,0,0
TRAVIS_ROCHE,20062007,0,0
SHELDON_SOURAY,20122013,0,0
JOHN_GRUDEN,20032004,0,0
MATT_PETTINGER,20092010,0,0
TOMMI_SANTALA,20062007,0,0
TIM_GLEASON,20132014,0,0
ESA_PIRNES,20032004,0,0
NILS_EKMAN,20062007,0,0
ALEXANDER_KOROLYUK,20032004,0,0
MATTHEW_LOMBARDI,20122013,0,0
MARTIN_STRBAK,20032004,0,0
MARTIN_CIBAK,20052006,0,0
JIM_CUMMINS,20032004,0,0
MARK_RYCROFT,20062007,0,0
CHRIS_HIGGINS,20132014,0,0
MAXIM_KONDRATIEV,20072008,0,0
DAN_HAMHUIS,20132014,0,0
PAVEL_VOROBIEV,20052006,0,0
CODY_MCCORMICK,20132014,0,0
BRENT_KRAHN,20082009,0,0
WADE_BROOKBANK,20082009,0,0
BOYD_KANE,20092010,0,0
ARIS_BRIMANIS,20032004,0,0
NOLAN_YONKMAN,20122013,0,0
JULIEN_VAUCLAIR,20032004,0,0
TREVOR_DALEY,20132014,0,0
SERGEI_ZINOVJEV,20032004,0,0
TRAVIS_BRIGLEY,20032004,0,0
ALLAN_ROURKE,20072008,0,0
TONY_SALMELAINEN,20062007,0,0
JOHN_POHL,20072008,0,0
RASTISLAV_STANA,20032004,0,0
PETER_SARNO,20052006,0,0
KARL_STEWART,20072008,0,0
DARRYL_BOOTLAND,20072008,0,0
MATHIAS_TJARNQVIST,20072008,0,0
PATRICK_RISSMILLER,20102011,0,0
NATHAN_SMITH,20092010,0,0
MARK_MOWERS,20072008,0,0
STEVE_GAINEY,20052006,0,0
JORDAN_KRESTANOVICH,20032004,0,0
RICHARD_SCOTT,20032004,0,0
JOHNATHAN_AITKEN,20032004,0,0
MIKHAIL_YAKUBOV,20052006,0,0
NATHAN_ROBINSON,20032004,0,0
TONY_MARTENSSON,20032004,0,0
SHANE_WILLIS,20032004,0,0
JASON_MORGAN,20062007,0,0
PATRICK_LEAHY,20052006,0,0
JEFF_MACMILLAN,20032004,0,0
KRONWALL_KRONVALL,20072008,0,0
KEVIN_MILLER,20032004,0,0
DOUG_DOULL,20052006,0,0
DWAYNE_ZINGER,20032004,0,0
JASON_MACDONALD,20032004,0,0
ROB_SKRLAC,20032004,0,0
NOAH_CLARKE,20072008,0,0
FEDOR_FEDOROV,20052006,0,0
BENOIT_GRATTON,20032004,0,0
TIMOFEI_SHISHKANOV,20052006,0,0
JEREMY_YABLONSKI,20032004,0,0
MIKKO_LUOMA,20032004,0,0
CHRIS_HAJT,20032004,0,0
THOMAS_PIHLMAN,20052006,0,0
DARCY_VEROT,20032004,0,0
MARK_POPOVIC,20092010,0,0
ALEKSANDER_SUGLOBOV,20062007,0,0
NOLAN_SCHAEFER,20052006,0,0
MARTIN_SONNENBERG,20032004,0,0
PIERRE_HEDIN,20032004,0,0
TYLER_BOUCK,20062007,0,0
CARL_CORAZZINI,20062007,0,0
JAME_POLLOCK,20032004,0,0
ZBYNEK_MICHALEK,20132014,0,0
LAWRENCE_NYCHOLAT,20082009,0,0
JOZEF_BALEJ,20052006,0,0
BRAD_MORAN,20062007,0,0
MIKE_BISHAI,20032004,0,0
CHRIS_ARMSTRONG,20032004,0,0
CASEY_HANKINSON,20032004,0,0
MATT_ELLISON,20052006,0,0
JOE_MOTZKO,20082009,0,0
GRAHAM_MINK,20032004,0,0
FEDOR_TYUTIN,20132014,0,0
MICHAEL_MORRISON,20062007,0,0
CORY_LAROSE,20032004,0,0
TODD_REIRDEN,20032004,0,0
ANDY_CHIODO,20032004,0,0
SERGE_PAYER,20062007,0,0
ADAM_MUNRO,20052006,0,0
MIKHAIL_KULESHOV,20032004,0,0
MATT_KEITH,20072008,0,0
ANDERS_MYRVOLD,20032004,0,0
DENIS_GREBESHKOV,20132014,0,0
QUINTIN_LAING,20092010,0,0
BRAD_LEEB,20032004,0,0
JOHN_SLANEY,20032004,0,0
BENOIT_DUSABLON,20032004,0,0
KEN_GERNANDER,20032004,0,0
MATT_UNDERHILL,20032004,0,0
FREDERICK_MEYER,20102011,0,0
ERIK_WESTRUM,20062007,0,0
BRYCE_LAMPMAN,20052006,0,0
OWEN_FUSSEY,20032004,0,0
GORAN_BEZINA,20032004,0,0
JASON_JASPERS,20032004,0,0
JOSH_OLSON,20032004,0,0
MICHAL_BARINKA,20052006,0,0
MATT_HUSSEY,20052006,0,0
MIKE_STUTZEL,20032004,0,0
ANDREJ_PODKONICKY,20032004,0,0
ROMAN_TVRDON,20032004,0,0
MATTHEW_YEATS,20032004,0,0
WADE_DUBIELEWICZ,20092010,0,0
GREG_MAULDIN,20102011,0,0
MIKE_PANDOLFO,20032004,0,0
JAKUB_CUTTA,20032004,0,0
ERIC_PERRIN,20082009,0,0
DON_MACLEAN,20062007,0,0
GARRET_STROSHEIN,20032004,0,0
LAYNE_ULMER,20032004,0,0
BRAD_FAST,20032004,0,0
KEVIN_DALLMAN,20072008,0,0
YANN_DANIS,20122013,0,0
CHRIS_CAMPOLI,20112012,0,0
PETTERI_NOKELAINEN,20112012,0,0
JAMIE_HEWARD,20082009,0,0
BRANDON_BOCHENSKI,20092010,0,0
BRIAN_MCGRATTAN,20132014,0,0
ANDY_WOZNIEWSKI,20092010,0,0
MAXIME_TALBOT,20132014,0,0
TIMO_HELBLING,20062007,0,0
NIKLAS_NORDGREN,20052006,0,0
BRETT_LEBDA,20112012,0,0
ANDY_ROACH,20052006,0,0
DEREK_BOOGAARD,20102011,0,0
MATT_FOY,20072008,0,0
GEORGE_PARROS,20132014,0,0
KEITH_BALLARD,20132014,0,0
DAVID_LENEVEU,20102011,0,0
PETR_PRUCHA,20102011,0,0
PATRICK_EAVES,20132014,0,0
ADAM_BERKHOEL,20052006,0,0
PAUL_RANGER,20132014,0,0
CHRIS_HOLT,20082009,0,0
ANTHONY_STEWART,20112012,0,0
COLIN_HEMINGWAY,20052006,0,0
MICHAEL_WALL,20062007,0,0
CHRISTOPH_SCHUBERT,20092010,0,0
JUNIOR_LESSARD,20072008,0,0
VOJTECH_POLAK,20062007,0,0
KEVIN_COLLEY,20052006,0,0
DIMITRI_PATZOLD,20072008,0,0
BRIAN_EKLUND,20052006,0,0
ERIK_CHRISTENSEN,20112012,0,0
ROB_MCVICAR,20052006,0,0
DAN_SMITH,20052006,0,0
MARTIN_ST. PIERRE,20092010,0,0
STEVE_BERNIER,20132014,0,0
JEFF_GIULIANO,20072008,0,0
JAY_LEACH,20102011,0,0
TREVOR_GILLIES,20112012,0,0
YANICK_LEHOUX,20062007,0,0
DENNIS_WIDEMAN,20132014,0,0
GERALD_COLEMAN,20052006,0,0
MARK_CULLEN,20112012,0,0
BARRY_TALLACKSON,20082009,0,0
GREG_JACINA,20062007,0,0
ADAM_HAUSER,20052006,0,0
ALEXANDRE_PICARD,20092010,0,0
SHANE_ENDICOTT,20052006,0,0
JEREMY_COLLITON,20102011,0,0
OLE-KRISTIAN_TOLLEFSEN,20092010,0,0
GRANT_STEVENSON,20052006,0,0
KYLE_QUINCEY,20132014,0,0
RYAN_READY,20052006,0,0
JEAN-PHILIPPE_COTE,20052006,0,0
BEN_EAGER,20132014,0,0
JEFF_TAMBELLINI,20102011,0,0
GEOFF_PLATT,20072008,0,0
GREG_ZANON,20122013,0,0
DOUG_MURRAY,20062007,0,0
CHRIS_THORBURN,20132014,0,0
VITALIY_KOLESNIK,20052006,0,0
JOSH_GRATTON,20082009,0,0
PETR_KANKO,20052006,0,0
ROB_COLLINS,20052006,0,0
DARREN_REID,20062007,0,0
CHRIS_BECKFORD-TSEU,20072008,0,0
KEVIN_BIEKSA,20132014,0,0
ROB_GLOBKE,20072008,0,0
RICHIE_REGEHR,20062007,0,0
MATT_RYAN,20052006,0,0
JONATHAN_FERLAND,20052006,0,0
NATHAN_PAETSCH,20092010,0,0
CONNOR_JAMES,20072008,0,0
BEN_WALTER,20082009,0,0
RICHARD_PETIOT,20102011,0,0
JON_DISALVATORE,20052006,0,0
JASON_RYZNAR,20052006,0,0
BEN_GUITE,20092010,0,0
MIKE_GLUMAC,20072008,0,0
DAVID_GOVE,20052006,0,0
DAN_JANCEVSKI,20082009,0,0
TOMAS_MOJZIS,20082009,0,0
MATT_CARKNER,20132014,0,0
LOUIS_ROBITAILLE,20052006,0,0
STEFAN_RUZICKA,20072008,0,0
JOAKIM_LINDSTROM,20112012,0,0
PRESTIN_RYAN,20052006,0,0
DUSTIN_BYFUGLIEN,20132014,0,0
MARK_STUART,20132014,0,0
BRENDAN_BELL,20112012,0,0
NOAH_WELCH,20102011,0,0
FILIP_NOVAK,20062007,0,0
ALEXANDRE_GIROUX,20112012,0,0
KONSTANTIN_PUSHKARYOV,20062007,0,0
BILL_THOMAS,20112012,0,0
CARSEN_GERMYN,20052006,0,0
STEVE_REGIER,20082009,0,0
JARKKO_IMMONEN,20062007,0,0
RYAN_POTULNY,20102011,0,0
ERIK_REITZ,20082009,0,0
JOEL_PERRAULT,20102011,0,0
DAVID_LIFFITON,20102011,0,0
DAVID_PRINTZ,20062007,0,0
MATT_KOALSKA,20052006,0,0
RYAN_CALDWELL,20052006,0,0
COLE_JARRETT,20052006,0,0
JEREMY_WILLIAMS,20082009,0,0
ANDREAS_KARLSSON,20072008,0,0
PETTERI_NUMMELIN,20072008,0,0
PATRICK_THORESEN,20072008,0,0
PATRICK_FISCHER,20062007,0,0
D.J._KING,20102011,0,0
FREDRIK_NORRENA,20082009,0,0
SHANE_O'BRIEN,20132014,0,0
MIKKO_LEHTONEN,20092010,0,0
ROMAN_POLAK,20132014,0,0
LUC_BOURDON,20072008,0,0
ALEXEI_KAIGORODOV,20062007,0,0
ADAM_BURISH,20122013,0,0
ALEXANDER_BROOKS,20062007,0,0
JANIS_SPRUKTS,20062007,0,0
MIKE_BLUNDEN,20132014,0,0
TRISTON_GRANT,20092010,0,0
LARS_JONSSON,20062007,0,0
PATRICK_COULOMBE,20062007,0,0
NATHAN_MCIVER,20082009,0,0
MIKE_CARD,20062007,0,0
DREW_LARMAN,20092010,0,0
MICHAEL_FUNK,20072008,0,0
BLAIR_JONES,20122013,0,0
JUSSI_TIMONEN,20062007,0,0
PETER_HARROLD,20132014,0,0
JEFF_DESLAURIERS,20112012,0,0
MARTIN_HOULE,20062007,0,0
BARRY_BRUST,20062007,0,0
SHAWN_BELLE,20102011,0,0
NICKLAS_GROSSMANN,20132014,0,0
BLAKE_COMEAU,20132014,0,0
MAREK_SCHWARZ,20072008,0,0
CHRIS_CONNER,20122013,0,0
JOSHUA_HENNESSY,20092010,0,0
YUTAKA_FUKUFUJI,20062007,0,0
MATT_ELLIS,20112012,0,0
JEFF_FINGER,20092010,0,0
JEFF_SCHULTZ,20122013,0,0
KRIS_NEWBURY,20132014,0,0
TROY_BROUWER,20132014,0,0
KENT_HUSKINS,20122013,0,0
KYLE_CUMISKEY,20102011,0,0
TIM_BRENT,20122013,0,0
MARK_FRASER,20132014,0,0
TOBIAS_STEPHAN,20082009,0,0
COLIN_FRASER,20132014,0,0
BJORN_MELIN,20062007,0,0
JONATHAN_SIGALET,20062007,0,0
KRYS_BARCH,20132014,0,0
NATHAN_GUENIN,20132014,0,0
TOMAS_PLIHAL,20082009,0,0
TOMAS_POPPERLE,20062007,0,0
MARTIN_LOJEK,20072008,0,0
DREW_FATA,20072008,0,0
SHELDON_BROOKBANK,20132014,0,0
DUNCAN_MILROY,20062007,0,0
JOHN_ZEILER,20102011,0,0
PATRICK_KALETA,20132014,0,0
MARK_MANCARI,20102011,0,0
MARC_METHOT,20132014,0,0
BRYAN_YOUNG,20072008,0,0
DAVID_KOCI,20102011,0,0
GABE_GAUTHIER,20062007,0,0
SEBASTIEN_BISAILLON,20062007,0,0
JOE_PISKULA,20112012,0,0
PETR_KALUS,20062007,0,0
RILEY_COTE,20082009,0,0
DANIEL_LACOSTA,20082009,0,0
ROB_SCHREMP,20102011,0,0
JONAS_NORDQVIST,20062007,0,0
DREW_MILLER,20132014,0,0
RYAN_CARTER,20132014,0,0
BRADY_MURRAY,20072008,0,0
CAREY_PRICE,20132014,0,0
JAROSLAV_HLINKA,20072008,0,0
CORY_MURPHY,20092010,0,0
NICLAS_BERGFORS,20112012,0,0
MAGNUS_JOHANSSON,20072008,0,0
PATRICK_KANE,20132014,0,0
DENIS_TOLPEKO,20072008,0,0
MICHAEL_GRIER,20102011,0,0
STEVE_WAGNER,20082009,0,0
CRAIG_WELLER,20082009,0,0
KRIS_RUSSELL,20132014,0,0
BRETT_STERLING,20112012,0,0
PETTERI_WIRTANEN,20072008,0,0
ANTON_STRALMAN,20132014,0,0
STEFAN_MEYER,20102011,0,0
LUKAS_KASPAR,20082009,0,0
OLLI_MALMIVAARA,20072008,0,0
CHRIS_BOURQUE,20122013,0,0
JEFF_DROUIN-DESLAURIERS,20092010,0,0
IVAN_BARANKA,20072008,0,0
GREG_MOORE,20072008,0,0
ALEXANDER_NIKULIN,20082009,0,0
JAKE_DOWELL,20112012,0,0
PETRI_KONTIOLA,20072008,0,0
TIM_RAMHOLT,20072008,0,0
T.J._HENSICK,20102011,0,0
JASON_JAFFRAY,20112012,0,0
DREW_MACINTYRE,20112012,0,0
CODY_BASS,20112012,0,0
ANTTI_PIHLSTROM,20082009,0,0
DAVID_JONES,20132014,0,0
BRANDON_NOLAN,20072008,0,0
MARK_FISTRIC,20132014,0,0
ANDREW_MURRAY,20112012,0,0
COLIN_STUART,20112012,0,0
COREY_LOCKE,20102011,0,0
CASEY_BORER,20092010,0,0
KEVIN_DOELL,20072008,0,0
STEVE_MASON,20132014,0,0
JORDAN_HENDRY,20102011,0,0
RYAN_STONE,20092010,0,0
DERICK_BRASSARD,20132014,0,0
TIM_CONBOY,20092010,0,0
ILJA_ZUBOV,20082009,0,0
PASCAL_PELLETIER,20082009,0,0
JONATHAN_FILEWICH,20072008,0,0
CHRISTOPHER_MINARD,20092010,0,0
DARRYL_BOYCE,20112012,0,0
BENJAMIN_ONDRUS,20082009,0,0
ROBERT_EARL,20102011,0,0
DAVID_BRINE,20072008,0,0
DANE_BYERS,20112012,0,0
ZACH_FITZGERALD,20072008,0,0
KYLE_GREENTREE,20082009,0,0
SAMI_LEPISTO,20112012,0,0
MIKE_BRODEUR,20102011,0,0
JOE_JENSEN,20072008,0,0
MIKE_IGGULDEN,20082009,0,0
ERIK_ERSBERG,20092010,0,0
JONATHAN_ERICSSON,20132014,0,0
ANDREW_EBBETT,20122013,0,0
GARRETT_STAFFORD,20102011,0,0
DARREN_HELM,20132014,0,0
MATTIAS_RITOLA,20112012,0,0
KYLE_OKPOSO,20132014,0,0
CLAY_WILSON,20112012,0,0
DANIEL_TAYLOR,20122013,0,0
JORDAN_LAVALLEE-SMOTHERMAN,20082009,0,0
MATT_D'AGOSTINI,20132014,0,0
ADAM_PINEAULT,20072008,0,0
KYLE_TURRIS,20132014,0,0
TOM_CAVANAGH,20082009,0,0
GREGORY_STEWART,20092010,0,0
TOM_SESTITO,20132014,0,0
VLADIMIR_MIHALIK,20092010,0,0
JANNE_NISKALA,20082009,0,0
PAUL_BISSONNETTE,20132014,0,0
JONAS_FROGREN,20082009,0,0
JOHN_MITCHELL,20132014,0,0
ADAM_PARDY,20132014,0,0
ANSSI_SALMELA,20102011,0,0
CHRIS_PORTER,20122013,0,0
JARED_ROSS,20092010,0,0
COLTON_GILLIES,20122013,0,0
KEVIN_PORTER,20132014,0,0
VIKTOR_TIKHONOV,20082009,0,0
OSCAR_MOLLER,20102011,0,0
NATHAN_OYSTRICK,20102011,0,0
FABIAN_BRUNNSTROM,20112012,0,0
STEVE_MACINTYRE,20102011,0,0
NIKITA_FILATOV,20112012,0,0
BRAD_STAUBITZ,20122013,0,0
ZACH_BOYCHUK,20122013,0,0
PETR_VRANA,20082009,0,0
PIERRE-LUC_LETOURNEAU-LEBLOND,20112012,0,0
ANDREAS_NODL,20122013,0,0
BRETT_SKINNER,20082009,0,0
DWIGHT_HELMINEN,20092010,0,0
JAMIE_MCGINN,20132014,0,0
MITCHELL_FRITZ,20082009,0,0
JANNE_PESONEN,20082009,0,0
PATRICK_DWYER,20132014,0,0
PATRICK_DAVIS,20092010,0,0
CAM_PADDOCK,20082009,0,0
BRETT_FESTERLING,20112012,0,0
JOHN_CURRY,20092010,0,0
PETER_MANNINO,20112012,0,0
JON_KALINSKI,20092010,0,0
TIM_SESTITO,20122013,0,0
ANDRE_DEVEAUX,20112012,0,0
ALEXANDRE_BOLDUC,20122013,0,0
JOEY_CRABB,20122013,0,0
RILEY_ARMSTRONG,20082009,0,0
RADEK_SMOLENAK,20082009,0,0
PAUL_SZCZECHURA,20112012,0,0
KENNDAL_MCARDLE,20112012,0,0
CHRIS_STEWART,20132014,0,0
SEAN_COLLINS,20122013,0,0
BRETT_CARSON,20122013,0,0
COREY_POTTER,20132014,0,0
JAIME_SIFERS,20092010,0,0
MICHAL_REPIK,20112012,0,0
JOE_CALLAHAN,20102011,0,0
TIM_WALLACE,20122013,0,0
OSKAR_OSALA,20082009,0,0
TOM_WANDELL,20122013,0,0
BRYAN_RODNEY,20112012,0,0
PHILIPPE_DUPUIS,20112012,0,0
MARTINS_KARSUMS,20082009,0,0
BEN_MAXWELL,20112012,0,0
JONAS_JUNLAND,20092010,0,0
TYSON_STRACHAN,20132014,0,0
TREVOR_LEWIS,20132014,0,0
JUSTIN_POGGE,20082009,0,0
BRETT_SUTTER,20132014,0,0
DUSTIN_JEFFREY,20132014,0,0
TIM_KENNEDY,20132014,0,0
TREVOR_SMITH,20132014,0,0
JOSH_TORDJMAN,20082009,0,0
TY_WISHART,20102011,0,0
MAKSIM_MAYOROV,20112012,0,0
YANNICK_WEBER,20132014,0,0
MIKAEL_BACKLUND,20132014,0,0
MATT_BELESKEY,20132014,0,0
BYRON_BITZ,20112012,0,0
KEVIN_QUICK,20082009,0,0
ALEXANDER_SULZER,20122013,0,0
TROY_BODIE,20132014,0,0
CHRIS_DURNO,20092010,0,0
KURTIS_MCLEAN,20082009,0,0
KEVIN_WESTGARTH,20122013,0,0
PETER_OLVECKY,20082009,0,0
MIKE_MCKENNA,20102011,0,0
LUCA_CAPUTI,20102011,0,0
DAVIS_DREWISKE,20122013,0,0
JAKUB_PETRUZALEK,20082009,0,0
JAY_BEAGLE,20132014,0,0
RYAN_VESCE,20092010,0,0
STAFFAN_KRONWALL,20092010,0,0
RAYMOND_SAWADA,20102011,0,0
BRIAN_SALCIDO,20082009,0,0
JHONAS_ENROTH,20132014,0,0
TIM_STAPLETON,20112012,0,0
CAL_O'REILLY,20112012,0,0
JESSE_JOENSUU,20132014,0,0
GRANT_LEWIS,20082009,0,0
BRANDON_SEGAL,20112012,0,0
JOEL_RECHLICZ,20092010,0,0
PHIL_ORESKOVIC,20082009,0,0
MATT_HENDRICKS,20132014,0,0
SPENCER_MACHACEK,20112012,0,0
DEREK_PELTIER,20092010,0,0
MICHAEL_VERNACE,20102011,0,0
T.J._GALIARDI,20132014,0,0
WES_O'NEILL,20092010,0,0
RAY_MACIAS,20102011,0,0
CHRISTIAN_HANSON,20092010,0,0
JOHN_NEGRIN,20082009,0,0
MATT_PELECH,20132014,0,0
MATT_CLIMIE,20102011,0,0
AARON_MACKENZIE,20082009,0,0
IVAN_VISHNEVSKIY,20092010,0,0
GEOFF_KINRADE,20082009,0,0
PER_LEDIN,20082009,0,0
JAMIE_FRITSCH,20082009,0,0
JONAS_GUSTAVSSON,20132014,0,0
VIKTOR_STALBERG,20132014,0,0
RYAN_O'REILLY,20132014,0,0
SERGEI_SHIROKOV,20102011,0,0
JOHAN_BACKLUND,20092010,0,0
MIKA_PYORALA,20092010,0,0
DMITRY_KULIKOV,20132014,0,0
TYLER_MYERS,20132014,0,0
ERIK_KARLSSON,20132014,0,0
VICTOR_HEDMAN,20132014,0,0
TEEMU_LAAKSO,20112012,0,0
FRAZER_MCLAREN,20122013,0,0
ILKKA_PIKKARAINEN,20092010,0,0
ALEXANDER_SALAK,20092010,0,0
GUILLAUME_DESBIENS,20112012,0,0
STEVEN_ZALEWSKI,20112012,0,0
TYLER_BOZAK,20132014,0,0
AARON_GAGNON,20122013,0,0
BRADEN_HOLTBY,20132014,0,0
FRANCIS_WATHIER,20102011,0,0
ANTON_KHUDOBIN,20132014,0,0
MARIO_BLIZNAK,20102011,0,0
DAVID_LALIBERTE,20092010,0,0
VICTOR_ORESKOVICH,20112012,0,0
ANDREAS_THURESSON,20102011,0,0
MATHIEU_CARLE,20092010,0,0
RYAN_WHITE,20132014,0,0
SHAUN_HESHKA,20092010,0,0
RYAN_O'MARRA,20112012,0,0
CARL_GUNNARSSON,20132014,0,0
DEAN_ARSENE,20092010,0,0
DANNY_IRMEN,20092010,0,0
TYLER_ECKFORD,20102011,0,0
JOHN_CARLSON,20132014,0,0
MATTHEW_CORRENTE,20102011,0,0
JAMES_WYMAN,20122013,0,0
RYAN_KELLER,20092010,0,0
ANDREI_LOKTIONOV,20132014,0,0
BOBBY_SANGUINETTI,20122013,0,0
COLIN_MCDONALD,20132014,0,0
VLADIMIR_ZHARKOV,20112012,0,0
MIKE_DUCO,20112012,0,0
DAN_SEXTON,20102011,0,0
ILKKA_HEIKKINEN,20092010,0,0
CHAD_JOHNSON,20132014,0,0
JUSTIN_MERCIER,20092010,0,0
RYAN_STOA,20102011,0,0
KYLE_WILSON,20112012,0,0
COREY_ELKINS,20092010,0,0
MAXIME_FORTUNUS,20092010,0,0
BRANDON_YIP,20132014,0,0
MATT_ZABA,20092010,0,0
JEROME_SAMSON,20112012,0,0
EVAN_OBERG,20112012,0,0
KASPARS_DAUGAVINS,20122013,0,0
DUSTIN_TOKARSKI,20112012,0,0
DRAYSON_BOWMAN,20132014,0,0
ALEXANDER_PECHURSKI,20092010,0,0
NICK_PALMIERI,20112012,0,0
DUSTIN_KOHN,20092010,0,0
ALEX_PLANTE,20112012,0,0
BROCK_TROTTER,20092010,0,0
RICH_CLUNE,20132014,0,0
CODY_ALMOND,20112012,0,0
ARTURS_KULDA,20112012,0,0
DEREK_SMITH,20132014,0,0
GRANT_CLITSOME,20132014,0,0
MARC-ANDRE_CLICHE,20132014,0,0
JOHAN_MOTIN,20092010,0,0
TIMO_PIELMEIER,20102011,0,0
DYLAN_REESE,20122013,0,0
JEFFREY_PENNER,20092010,0,0
JAMIE_MCBAIN,20132014,0,0
JEREMY_DUCHESNE,20092010,0,0
CASEY_WELLMAN,20112012,0,0
MARK_FLOOD,20112012,0,0
NICK_BONINO,20132014,0,0
CARTER_HUTTON,20132014,0,0
TOMAS_KANA,20092010,0,0
BOBBY_BUTLER,20122013,0,0
CHARLES_LINGLET,20092010,0,0
ANDREW_BODNARCHUK,20092010,0,0
CHAD_KOLARIK,20102011,0,0
NATE_PROSSER,20132014,0,0
EVGENY_DADONOV,20112012,0,0
PHILIP_LARSEN,20132014,0,0
MAXIM_NOREAU,20102011,0,0
MICHEAL_HALEY,20122013,0,0
ZACH_HAMILL,20112012,0,0
ERIC_TANGRADI,20132014,0,0
BRAD_THIESSEN,20112012,0,0
ZAC_DALPE,20132014,0,0
MARK_OLVER,20122013,0,0
T.J._BRODIE,20132014,0,0
HENRIK_KARLSSON,20112012,0,0
MAGNUS_PAAJARVI,20122013,0,0
TOMMY_WINGELS,20132014,0,0
MATT_TAORMINA,20122013,0,0
ALEXANDER_URBOM,20132014,0,0
ALEXANDER_BURMISTROV,20122013,0,0
MARCUS_JOHANSSON,20132014,0,0
DANA_TYRELL,20122013,0,0
ANDERS_LINDBACK,20132014,0,0
BRANDON_PIRRI,20132014,0,0
KYLE_CLIFFORD,20132014,0,0
JAKE_MUZZIN,20132014,0,0
JORDAN_CARON,20132014,0,0
RYAN_REAVES,20132014,0,0
MARK_DEKANICH,20102011,0,0
ROBIN_LEHNER,20132014,0,0
JONAS_HOLOS,20102011,0,0
BRIAN_FAHEY,20102011,0,0
MIKE_MOORE,20102011,0,0
NICK_HOLDEN,20132014,0,0
OLIVIER_MAGNAN,20102011,0,0
ALEXANDER_VASYUNOV,20102011,0,0
EVAN_BROPHEY,20112012,0,0
LUKE_ADAM,20122013,0,0
EVGENY_GRACHEV,20112012,0,0
BEN_SMITH,20132014,0,0
LINUS_KLASEN,20102011,0,0
BRAD_MILLS,20132014,0,0
JON_MATSUMOTO,20102011,0,0
JEFF_FRAZEE,20122013,0,0
STEPHEN_GIONTA,20132014,0,0
MATT_KASSIAN,20132014,0,0
JEREMY_MORIN,20132014,0,0
COLBY_COHEN,20102011,0,0
MATTIAS_TEDENBY,20132014,0,0
NICK_DRAZENOVIC,20122013,0,0
JOHAN_HARJU,20102011,0,0
KEITH_AULIE,20132014,0,0
DWIGHT_KING,20132014,0,0
BRANDON_MCMILLAN,20122013,0,0
TRAVIS_HAMONIC,20132014,0,0
JUSTIN_BRAUN,20132014,0,0
JAMIE_ARNIEL,20102011,0,0
RICHARD_BACHMAN,20132014,0,0
JONAS_ANDERSSON,20102011,0,0
STEVEN_KAMPFER,20112012,0,0
LINUS_OMARK,20132014,0,0
RHETT_RAKHSHANI,20112012,0,0
ADAM_CRACKNELL,20132014,0,0
NATHAN_LAWSON,20102011,0,0
AARON_VOLPATTI,20132014,0,0
CEDRICK_DESJARDINS,20122013,0,0
JAN_MURSAK,20112012,0,0
PATRICE_CORMIER,20122013,0,0
CHRIS_MUELLER,20122013,0,0
BRANDON_MASHINTER,20132014,0,0
BRETT_MACLEAN,20112012,0,0
TOMAS_TATAR,20132014,0,0
JIM_O'BRIEN,20122013,0,0
ANDREW_DESJARDINS,20132014,0,0
KEVIN_POULIN,20132014,0,0
MATT_CALVERT,20132014,0,0
MATT_BARTKOWSKI,20132014,0,0
PHILIP_MCRAE,20102011,0,0
MATT_HACKETT,20122013,0,0
THOMAS_MCCOLLUM,20102011,0,0
ANDREAS_ENGQVIST,20112012,0,0
CORY_EMMERTON,20132014,0,0
PAUL_BYRON,20122013,0,0
TRAVIS_MORIN,20132014,0,0
LEE_SWEATT,20102011,0,0
ALEX_STALOCK,20132014,0,0
SCOTT_TIMMINS,20122013,0,0
CODY_HODGSON,20132014,0,0
MIKKO_KOSKINEN,20102011,0,0
COLTON_SCEVIOUR,20122013,0,0
LANCE_BOUMA,20132014,0,0
TOMAS_VINCOUR,20122013,0,0
JOE_VITALE,20132014,0,0
CAMERON_GAUNCE,20102011,0,0
BRENDON_NASH,20102011,0,0
YANN_SAUVE,20102011,0,0
ANDRE_BENOIT,20132014,0,0
BEN_SCRIVENS,20132014,0,0
BRIAN_STRAIT,20132014,0,0
JONATHON_BLUM,20122013,0,0
MARK_KATIC,20102011,0,0
ROMAN_WICK,20102011,0,0
BLAKE_GEOFFRION,20112012,0,0
HUGH_JESSIMAN,20102011,0,0
CAM_TALBOT,20132014,0,0
JUSTIN_DIBENEDETTO,20102011,0,0
BEN_HOLMSTROM,20112012,0,0
PAUL_POSTMA,20132014,0,0
AARON_PALUSHAJ,20122013,0,0
TEEMU_HARTIKAINEN,20122013,0,0
CHRIS_VANDEVELDE,20122013,0,0
MARCUS_KRUGER,20132014,0,0
GREG_NEMISZ,20112012,0,0
TOMAS_KUBALIK,20112012,0,0
CARSON_MCMILLAN,20112012,0,0
ANDREY_ZUBAREV,20102011,0,0
JAMIE_DOORNBOSCH,20102011,0,0
DREW_BAGNALL,20102011,0,0
JOE_COLBORNE,20132014,0,0
MATT_FRATTIN,20132014,0,0
CARL_KLINGBERG,20112012,0,0
ZAC_RINALDO,20132014,0,0
RAPHAEL_DIAZ,20132014,0,0
JAKE_GARDINER,20132014,0,0
BRETT_CONNOLLY,20132014,0,0
JUSTIN_FAULK,20132014,0,0
MIKA_ZIBANEJAD,20132014,0,0
RYAN_JOHANSEN,20132014,0,0
DAVID_SAVARD,20132014,0,0
CRAIG_SMITH,20132014,0,0
MAXIME_MACENAUER,20112012,0,0
DEVANTE_SMITH-PELLY,20132014,0,0
TIM_ERIXON,20122013,0,0
ADAM_LARSSON,20132014,0,0
BRETT_BULMER,20112012,0,0
ROMAN_HORAK,20122013,0,0
MARK_SCHEIFELE,20132014,0,0
ANTON_LANDER,20122013,0,0
MATTIAS_EKHOLM,20132014,0,0
LENNART_PETRELL,20122013,0,0
KEITH_KINKAID,20122013,0,0
HARRY_ZOLNIERCZYK,20122013,0,0
BRACKEN_KEARNS,20122013,0,0
ALLEN_YORK,20112012,0,0
ANDY_MIELE,20132014,0,0
PATRICK_MAROON,20132014,0,0
CODY_EAKIN,20132014,0,0
COLTEN_TEUBERT,20112012,0,0
COREY_TROPP,20132014,0,0
PETER_HOLLAND,20132014,0,0
ROBERT_BORTUZZO,20132014,0,0
EDDIE_LACK,20132014,0,0
KRIS_FREDHEIM,20112012,0,0
BRENDAN_SMITH,20132014,0,0
ANDERS_NILSSON,20112012,0,0
MARC-ANDRE_BOURDON,20112012,0,0
KEVIN_MARSHALL,20112012,0,0
DAVID_ULLSTROM,20122013,0,0
DMITRY_ORLOV,20122013,0,0
T.J._BRENNAN,20122013,0,0
ZACK_KASSIAN,20132014,0,0
STEFAN_ELLIOTT,20122013,0,0
BRAYDEN_MCNABB,20112012,0,0
ROMAN_JOSI,20132014,0,0
DAVID_MCINTYRE,20112012,0,0
CADE_FAIRCHILD,20112012,0,0
LOUIS_LEBLANC,20132014,0,0
JOE_FINLEY,20122013,0,0
LELAND_IRVING,20122013,0,0
MIKE_MURPHY,20112012,0,0
BILL_SWEATT,20122013,0,0
BRAD_MALONE,20122013,0,0
CALVIN_DE HAAN,20112012,0,0
CARL_SNEEP,20112012,0,0
JAROD_PALMER,20112012,0,0
GREG_RALLO,20122013,0,0
STU_BICKEL,20122013,0,0
MARCUS_FOLIGNO,20132014,0,0
RILEY_NASH,20132014,0,0
MIKE_HOFFMAN,20122013,0,0
JOAKIM_ANDERSSON,20132014,0,0
GABRIEL_BOURQUE,20132014,0,0
JIMMY_HAYES,20132014,0,0
JORDIE_BENN,20132014,0,0
DYLAN_OLSEN,20112012,0,0
ANDREW_SHAW,20132014,0,0
RYAN_RUSSELL,20112012,0,0
PIERRE-CEDRIC_LABRIE,20132014,0,0
IIRO_TARKKI,20112012,0,0
BRIAN_FOSTER,20112012,0,0
TOMAS_KUNDRATEK,20122013,0,0
MARK_BOROWIECKI,20132014,0,0
CHAD_RAU,20112012,0,0
MIKE_ANGELIDIS,20122013,0,0
MATT_FRASER,20122013,0,0
PHILIPPE_CORNET,20112012,0,0
AARON_NESS,20132014,0,0
TYSON_BARRIE,20132014,0,0
JORDAN_NOLAN,20132014,0,0
COLBY_ROBAK,20122013,0,0
MICHAEL_STONE,20132014,0,0
JOSH_HENNESSY,20112012,0,0
RYAN_GARBUTT,20132014,0,0
MATT_WATKINS,20112012,0,0
CARTER_CAMPER,20112012,0,0
CASEY_CIZIKAS,20132014,0,0
BRANDON_BOLLIG,20132014,0,0
LANE_MACDERMID,20132014,0,0
CARTER_ASHTON,20132014,0,0
BRANDON_MANNING,20122013,0,0
SVEN_BAERTSCHI,20132014,0,0
JADEN_SCHWARTZ,20132014,0,0
TRAVIS_TURNBULL,20112012,0,0
RYAN_HAMILTON,20132014,0,0
JUSSI_RYNNAS,20122013,0,0
REILLY_SMITH,20132014,0,0
JASON_ZUCKER,20132014,0,0
J.T._BROWN,20132014,0,0
CODY_GOLOUBEF,20122013,0,0
MAT_CLARK,20112012,0,0
TOREY_KRUG,20132014,0,0
MATT_DONOVAN,20132014,0,0
GABRIEL_DUMONT,20122013,0,0
AKIM_ALIU,20122013,0,0
JEREMY_WELSH,20132014,0,0
CHAY_GENOWAY,20112012,0,0
BRENDEN_DILLON,20132014,0,0
CHRIS_KREIDER,20132014,0,0
MARK_STONE,20122013,0,0
JAKE_ALLEN,20122013,0,0
SCOTT_LAUGHTON,20122013,0,0
DOUGIE_HAMILTON,20132014,0,0
LEO_KOMAROV,20122013,0,0
MICHAEL_KOSTKA,20132014,0,0
STEFAN_MATTEAU,20122013,0,0
MICHAEL_CARUSO,20122013,0,0
JONATHAN_HUBERDEAU,20132014,0,0
DAMIEN_BRUNNER,20132014,0,0
CRISTOPHER_NILSTORP,20122013,0,0
PATRICK_BORDELEAU,20132014,0,0
MIKAEL_GRANLUND,20132014,0,0
FREDERIK_ANDERSEN,20132014,0,0
RICKARD_RAKELL,20132014,0,0
MIKHAIL_GRIGORENKO,20132014,0,0
MATT_IRWIN,20132014,0,0
NAIL_YAKUPOV,20132014,0,0
DREW_SHORE,20132014,0,0
TYE_MCGINN,20132014,0,0
JORDAN_SCHROEDER,20122013,0,0
JONAS_BRODIN,20132014,0,0
ROMAN_CERVENKA,20122013,0,0
THOMAS_HICKEY,20132014,0,0
MATT_ANDERSON,20122013,0,0
MICHAEL_SGARBOSSA,20122013,0,0
ZACH_REDMOND,20122013,0,0
JAMIE_OLEKSIAK,20122013,0,0
ANTOINE_ROUSSEL,20132014,0,0
SAMI_VATANEN,20132014,0,0
JONATHAN_AUDY-MARCHESSAULT,20122013,0,0
CHARLIE_COYLE,20132014,0,0
J.T._MILLER,20132014,0,0
PETR_MRAZEK,20132014,0,0
RYAN_SPOONER,20132014,0,0
MARK_ARCOBELLO,20132014,0,0
RADKO_GUDAS,20132014,0,0
ALEX_KILLORN,20132014,0,0
RICHARD_PANIK,20132014,0,0
CARL_SODERBERG,20132014,0,0
BEN_STREET,20132014,0,0
ANTHONY_PELUSO,20132014,0,0
DARCY_KUEMPER,20122013,0,0
MICHAL_JORDAN,20122013,0,0
DAVE_DZIURZYNSKI,20122013,0,0
DEREK_GRANT,20132014,0,0
ERIC_GRYBA,20132014,0,0
JOHAN_LARSSON,20132014,0,0
RYAN_MURPHY,20132014,0,0
PHILIPP_GRUBAUER,20122013,0,0
BRIAN_FLYNN,20132014,0,0
ONDREJ_PALAT,20132014,0,0
STEVE_OLEKSY,20132014,0,0
JONATHAN_RHEAULT,20122013,0,0
VICTOR_BARTLEY,20132014,0,0
CHRIS_TERRY,20132014,0,0
GREG_PATERYN,20122013,0,0
CAMERON_SCHILLING,20122013,0,0
TYLER_JOHNSON,20132014,0,0
STEVEN_PINIZZOTTO,20122013,0,0
HARRI_PESONEN,20122013,0,0
JARRED_TINORDI,20132014,0,0
MARK_PYSYK,20132014,0,0
ERIC_SELLECK,20122013,0,0
TAYLOR_BECK,20132014,0,0
BRETT_BELLEMORE,20132014,0,0
JEFF_ZATKOFF,20132014,0,0
ANDREJ_SUSTR,20132014,0,0
OLIVER_LAURIDSEN,20122013,0,0
NATHAN_BEAULIEU,20132014,0,0
NICKLAS_JENSEN,20122013,0,0
MATT_TENNYSON,20122013,0,0
ANDERS_LEE,20122013,0,0
ALEX_CHIASSON,20132014,0,0
DANNY_DEKEYSER,20132014,0,0
NICK_BJUGSTAD,20132014,0,0
MAXWELL_REINHART,20122013,0,0
AUSTIN_WATSON,20122013,0,0
MARK_BARBERIO,20132014,0,0
DANIEL_BANG,20122013,0,0
SAMI_AITTOKALLIO,20122013,0,0
JEAN-GABRIEL_PAGEAU,20132014,0,0
NICOLAS_BLANCHARD,20122013,0,0
CHAD_RUHWEDEL,20122013,0,0
FILIP_FORSBERG,20132014,0,0
BEN_HANOWSKI,20122013,0,0
DMITRIJ_JASKIN,20122013,0,0
ALEX_PETROVIC,20122013,0,0
KEVIN_HENDERSON,20122013,0,0
MARK_CUNDARI,20122013,0,0
FRANK_CORRADO,20122013,0,0
DREW_LEBLANC,20122013,0,0
JARED_STAAL,20122013,0,0
ERIC_GELINAS,20132014,0,0
JOONAS_RASK,20122013,0,0
JASON_AKESON,20122013,0,0
SHAWN_LALONDE,20122013,0,0
RYAN_STANTON,20132014,0,0
BROCK_NELSON,20132014,0,0
TOM_WILSON,20132014,0,0
CONNOR_CARRICK,20132014,0,0
MICHAEL_LATTA,20132014,0,0
JOAKIM_NORDSTROM,20132014,0,0
WILL_ACTON,20132014,0,0
ANTON_BELOV,20132014,0,0
LUKE_GAZDIC,20132014,0,0
JACOB_TROUBA,20132014,0,0
ZEMGUS_GIRGENSONS,20132014,0,0
RASMUS_RISTOLAINEN,20132014,0,0
NATHAN_MACKINNON,20132014,0,0
OLLI_MAATTA,20132014,0,0
SEAN_MONAHAN,20132014,0,0
SETH_JONES,20132014,0,0
JUSTIN_FONTAINE,20132014,0,0
ALEKSANDER_BARKOV,20132014,0,0
VALERI_NICHUSHKIN,20132014,0,0
JESPER_FAST,20132014,0,0
LUCAS_LESSIO,20132014,0,0
TOMAS_HERTL,20132014,0,0
MATTHEW_NIETO,20132014,0,0
ELIAS_LINDHOLM,20132014,0,0
BOONE_JENNER,20132014,0,0
RYAN_MURRAY,20132014,0,0
SPENCER_ABBOTT,20132014,0,0
JAMIE_DEVANE,20132014,0,0
MORGAN_RIELLY,20132014,0,0
MATHEW_DUMBA,20132014,0,0
HAMPUS_LINDHOLM,20132014,0,0
DAVID_BROLL,20132014,0,0
JOSH_LEIVO,20132014,0,0
LUKE_GLENDENING,20132014,0,0
MICHAEL_RAFFL,20132014,0,0
NATE_SCHMIDT,20132014,0,0
NIKITA_ZADOROV,20132014,0,0
FREDDIE_HAMILTON,20132014,0,0
MICHAEL_BOURNIVAL,20132014,0,0
TYLER_PITLICK,20132014,0,0
MAGNUS_HELLBERG,20132014,0,0
JAYSON_MEGNA,20132014,0,0
JORDAN_SZWARZ,20132014,0,0
DARREN_ARCHIBALD,20132014,0,0
MARTY_HAVLAT,20132014,0,0
MICHAEL_CHAPUT,20132014,0,0
TAYLOR_FEDUN,20132014,0,0
ADAM_ALMQUIST,20132014,0,0
RETO_BERRA,20132014,0,0
CHAD_BILLINS,20132014,0,0
MAX_REINHART,20132014,0,0
LINDEN_VEY,20132014,0,0
MAREK_MAZANEC,20132014,0,0
MATT_DUMBA,20132014,0,0
CONNOR_MURPHY,20132014,0,0
KARL_DYKHUIS,20032004,0,-0.000558360331761417
DERYK_ENGELLAND,20132014,0,-0.00133476685735484
DARCY_TUCKER,20092010,0,-0.00146494634256913
MIKAEL_TELLQVIST,20082009,0,-0.00190197249788861
MIKE_WEBER,20132014,0,-0.00321632343907612
DANNY_SYVRET,20102011,0,-0.00352174599912878
JOEL_BOUCHARD,20052006,0,-0.00358378816692582
JOE_DIPENTA,20072008,0,-0.0041631784905777
RICK_RYPIEN,20102011,0,-0.00443029685550603
GREG_DE VRIES,20082009,0,-0.00444479890242363
ROBYN_REGEHR,20132014,0,-0.00455913212978446
KEVIN_WEEKES,20082009,0,-0.0049200515640673
SHAONE_MORRISONN,20102011,0,-0.00520909917097092
BRAD_RICHARDSON,20132014,0,-0.00546171937383287
JEFF_O'NEILL,20062007,0,-0.00547463190839391
ANDREJ_SEKERA,20132014,0,-0.00547524866753336
FRANCOIS_BEAUCHEMIN,20132014,0,-0.0057294729585539
DAVID_TANABE,20072008,0,-0.00578662797705084
GILBERT_BRULE,20112012,0,-0.00581340007162476
NICK_SCHULTZ,20132014,0,-0.00588570432860308
FRANTISEK_KABERLE,20082009,0,-0.006802599181568
JEFF_PETRY,20132014,0,-0.00695341689299239
BRIAN_SUTHERBY,20102011,0,-0.00748617398371258
KARL_ALZNER,20132014,0,-0.00785956940273915
LAURI_KORPIKOSKI,20132014,0,-0.00834133150798398
BRAD_LARSEN,20072008,0,-0.00934154580599192
ANDREW_HUTCHINSON,20102011,0,-0.010538116597005
BENJAMIN_SIMON,20052006,0,-0.0105968244900409
JUSTIN_PETERS,20132014,0,-0.0110313947215383
JOHN_SCOTT,20132014,0,-0.0118626851130267
MARC_BERGEVIN,20032004,0,-0.0137059172353218
CHAD_LAROSE,20122013,0,-0.0139718743611967
LUBOMIR_SEKERAS,20032004,0,-0.0146741707657788
RHETT_WARRENER,20072008,0,-0.0161486104250102
ERIC_BOULTON,20132014,0,-0.0161638310061268
BRET_HEDICAN,20082009,0,-0.0162195087894712
BROOKS_ORPIK,20132014,0,-0.0162647984048071
VILLE_NIEMINEN,20062007,0,-0.0180826079054317
PETR_TENKRAT,20062007,0,-0.018815703281498
STEPHANE_YELLE,20092010,0,-0.0190063238230022
CHRIS_BUTLER,20132014,0,-0.0198160566116417
PER_SVARTVADET,20022003,0,-0.0205606088477638
DUVIE_WESTCOTT,20072008,0,-0.0212484820356049
RADOSLAV_SUCHY,20052006,0,-0.0212888315375074
MATHIEU_ROY,20122013,0,-0.0213796451357701
RYAN_WHITNEY,20132014,0,-0.0217584703170304
REINHARD_DIVIS,20052006,0,-0.0249555550920842
QUINTON_HOWDEN,20122013,0,-0.0267867561265271
HAL_GILL,20122013,0,-0.0278504611952497
HANS_JONSSON,20022003,0,-0.0280892175653057
CLAUDE_LEMIEUX,20082009,0,-0.02834917239559
BRAD_MAY,20092010,0,-0.0290990515386156
STEPHANE_DA COSTA,20132014,0,-0.0299099680248528
ROB_SCUDERI,20132014,0,-0.0304333029475096
JAN_BULIS,20062007,0,-0.0356946438687506
FRANCIS_BOUILLON,20132014,0,-0.0361028390306075
MARTY_MURRAY,20062007,0,-0.0366733929824663
MATHIAS_JOHANSSON,20022003,0,-0.0369925302489256
DAVID_STECKEL,20122013,0,-0.0385375787110599
STEVE_MCKENNA,20032004,0,-0.0385698888750945
DALE_WEISE,20132014,0,-0.0393078614424912
SVEN_BUTENSCHON,20052006,0,-0.0470312841191005
BORIS_VALABIK,20092010,0,-0.047264563242886
CHRIS_MCALLISTER,20032004,0,-0.0495241904166641
TYLER_SLOAN,20102011,0,-0.0555980585886674
ROMAN_TUREK,20032004,0,-0.0576589568738564
MARIO_LEMIEUX,20052006,0,-0.059610857711804
KRZYSZTOF_OLIWA,20032004,0,-0.0599474864940403
SEAN_PRONGER,20032004,0,-0.0720355755278947
KORBINIAN_HOLZER,20122013,0,-0.0721024260767059
DANNY_RICHMOND,20072008,0,-0.0754369859940762
WARREN_PETERS,20112012,0,-0.09990060581877
MATT_MURLEY,20072008,0,-0.106421780707782
CHRIS_SUMMERS,20122013,0,-0.139479138966558
BRAD_CHARTRAND,20032004,0,-0.172750795012085
NIKLAS_KRONWALL,20132014,-5.63439993347378e-06,-0.000966916429122258
DAN_LACOUTURE,20082009,-0.000382330792130281,-0.0494124448748521
OSKARS_BARTULIS,20102011,-0.000887322238640662,-0.0233172767398829
SHAWN_MCEACHERN,20052006,-0.00114708194033276,0
TOMAS_KOPECKY,20132014,-0.00125172672772365,0
KYLE_BRODZIAK,20132014,-0.00129188998117602,-0.0162896806254403
CRAIG_RIVET,20102011,-0.00167058676677534,-0.033924043089347
ERIC_BELANGER,20122013,-0.00207531041469365,-0.0274126361500643
NIKLAS_BACKSTROM,20132014,-0.00209244756209893,-0.0145627319812921
MARCO_SCANDELLA,20132014,-0.00215937855121414,-0.0495174842278418
JAMES_WRIGHT,20132014,-0.00361761934648257,-0.0133362219881453
JESSE_WINCHESTER,20132014,-0.00417337936512896,0
KEATON_ELLERBY,20132014,-0.00599760182547182,-0.0172483888308415
JAMES_SHEPPARD,20132014,-0.00614340337812554,-0.0228263761093954
DEREK_DORSETT,20132014,-0.00714263964606307,-0.0408273424095527
KYLE_MCLAREN,20072008,-0.00732621098017659,-0.000528970505904229
ANDREW_GORDON,20122013,-0.00744406516080755,-0.0979420204130732
GREG_JOHNSON,20052006,-0.00761732419005646,-0.00445985236670556
LIAM_REDDOX,20102011,-0.00781999721089237,-0.0429058804675016
JOEL_LUNDQVIST,20082009,-0.00790120707854017,-0.0439323959177147
SCOTT_NICHOL,20122013,-0.0091254752374595,0
KYLE_CHIPCHURA,20132014,-0.00914729357317912,-0.0255233047498022
MARK_RECCHI,20102011,-0.00923442875879203,-0.00182845472846617
BEN_ONDRUS,20062007,-0.00948416219929899,-0.283725736899526
SCOTT_THORNTON,20072008,-0.00977189868892922,-0.0548631212517741
MIKE_EASTWOOD,20032004,-0.00989495691007116,-0.0378285095848441
MARTIN_BIRON,20132014,-0.0102111422547803,-0.00012846303560967
MICHAL_NEUVIRTH,20132014,-0.010687022338482,-0.0367899692004998
MIKE_YORK,20072008,-0.0108952231258452,-0.0306646332219857
MARCEL_HOSSA,20072008,-0.0110249525693612,-0.047250204567376
MATT_GILROY,20132014,-0.0115199557225835,-0.02682141402714
CHAD_KILGER,20072008,-0.0122545399871333,-0.08313147230648
CHRIS_TAMER,20032004,-0.0127876330268129,-0.0179178562352278
RAY_EMERY,20132014,-0.0137355523990873,0
MIKE_RICCI,20062007,-0.0140705179529604,-0.0255449260901219
FREDRIK_SJOSTROM,20102011,-0.0144970557699703,-0.025100967172694
OLAF_KOLZIG,20082009,-0.0150140355547709,-0.0522392305188565
ANDREW_RAYCROFT,20112012,-0.0160815436896266,-0.0310601227260798
MIKE_RATHJE,20062007,-0.0163125345754092,-0.00055409608818838
KRIS_DRAPER,20102011,-0.0167666982887976,-0.00546095155797845
RAMZI_ABID,20062007,-0.0177681498000644,-0.105816669536097
BRANKO_RADIVOJEVIC,20072008,-0.0179586984159302,-0.0285219192687502
COLTON_ORR,20132014,-0.017967991587349,-0.0689061899392233
MARK_EATON,20122013,-0.0182065039062729,-0.0362374742485736
PATRICK_O'SULLIVAN,20112012,-0.0189914290487795,-0.0509988844679892
ONDREJ_PAVELEC,20132014,-0.0201118503372525,-0.0224830530694348
BRENT_SOPEL,20102011,-0.0205310467366044,-0.0380180231567603
MAREK_ZIDLICKY,20132014,-0.0210267574082646,-0.0264126907612826
TREVOR_LETOWSKI,20072008,-0.0217138271250617,-0.0464848204714413
MIKE_LUNDIN,20122013,-0.0223299262876849,0
DAN_ELLIS,20132014,-0.022649566052696,0
KYLE_CALDER,20092010,-0.0229228190173675,-0.0116116498867433
LUKAS_KRAJICEK,20092010,-0.0236935968795466,-0.00618141396851616
VLADIMIR_SOBOTKA,20132014,-0.023924471447582,-0.0142045204638714
MIKE_SMITH,20132014,-0.0240404383463536,0
DAN_BLACKBURN,20022003,-0.0245870309517631,-0.0598490797019832
DEREK_JOSLIN,20122013,-0.0251656992913756,-0.0704766885389975
SCOTT_GOMEZ,20132014,-0.0257825342605367,-0.0322512585502673
JOSE_THEODORE,20122013,-0.0257952575924727,-0.0226318530409588
BRIAN_SAVAGE,20052006,-0.0258295666708862,-0.0519342922935663
JIRI_NOVOTNY,20082009,-0.0261223989616719,-0.0615404954202806
ROD_BRIND'AMOUR,20092010,-0.0266766601813521,-0.0674396932546036
MATT_HUNWICK,20132014,-0.0267873699612359,-0.0329754070082811
THEO_PECKHAM,20122013,-0.0276185121990823,-0.077831965756127
JAY_ROSEHILL,20132014,-0.0276300365435988,-0.171831862053948
SAMUEL_PAHLSSON,20112012,-0.0296734326748527,-0.0127838709220909
BRAD_BOMBARDIR,20032004,-0.0297310773674775,-0.0743531119004127
BOYD_GORDON,20132014,-0.0298390704842192,-0.0443066297553332
RYAN_SHANNON,20112012,-0.0301063857741231,0
BRAD_LUKOWICH,20102011,-0.0301208257226298,-0.0212963930443099
OSSI_VAANANEN,20082009,-0.0311697641669038,-0.0469204386387041
JORDAN_LEOPOLD,20132014,-0.0318594737218436,-0.0492825750707205
PASI_NURMINEN,20032004,-0.0319615739953722,-0.0637787812603077
JIM_VANDERMEER,20112012,-0.0319674521589335,-0.0381700660784704
CHRIS_MASON,20122013,-0.0319902560491501,-0.0110949661193964
ZACH_BOGOSIAN,20132014,-0.0325880443552625,-0.0447688477182339
MICHAEL_DEL ZOTTO,20132014,-0.0326336413638076,-0.0530512877959011
LUKE_SCHENN,20132014,-0.0330349245880331,-0.0984742368121459
JACOB_MARKSTROM,20132014,-0.0337975905187895,0
SANDIS_OZOLINSH,20072008,-0.0338980494595047,-0.044867028751632
MIKE_COMMODORE,20112012,-0.0343413243148759,-0.0549481319208606
DALE_PURINTON,20032004,-0.0346075623416406,-0.0757704404542838
BRAD_STUART,20132014,-0.03513576475722,-0.0340785152797114
TOM_PYATT,20132014,-0.0352010187093803,0
TREVOR_LINDEN,20072008,-0.0361552769479722,-0.0815417780854836
SHANE_HNIDY,20102011,-0.0379081040501183,-0.0527257597039846
SEAN_HILL,20072008,-0.0380378006917575,-0.0591711229980077
KEVYN_ADAMS,20072008,-0.0383959792121174,-0.064772113481065
MATHIEU_GARON,20122013,-0.0394646803466991,-0.0339651750740191
DANIEL_GIRARDI,20132014,-0.0395758537908594,-0.0408513474762006
CHRIS_OSGOOD,20102011,-0.0402130678810817,-0.0376777878056394
PASCAL_LECLAIRE,20102011,-0.0402306222689085,-0.0273739932684933
THOMAS_GREISS,20132014,-0.0406181940416873,-0.0368009501500175
ALEXEI_ZHITNIK,20072008,-0.0407686640355239,-0.0541958960212362
ALEXANDER_SVITOV,20062007,-0.0414186720576383,-0.0893740616948591
BRAYDEN_SCHENN,20132014,-0.042211031922762,-0.0243490418117268
CURTIS_MCELHINNEY,20132014,-0.0433941432871985,-0.0454899875912976
PAUL_MARA,20102011,-0.0437453585300119,-0.0570309273022336
ALEX_AULD,20112012,-0.0442676701901689,-0.0379219302408427
NICK_BOYNTON,20102011,-0.0444794542051523,-0.0480880837615781
TORREY_MITCHELL,20132014,-0.044717242762987,-0.0221903505873237
JASSEN_CULLIMORE,20102011,-0.0448140483167926,-0.0366342634334288
ANTTI_LAAKSONEN,20062007,-0.0452641140048998,-0.0582978584127776
STU_BARNES,20072008,-0.0453931280323873,-0.0578174105182913
VACLAV_VARADA,20052006,-0.0458401838104232,0
JOSEF_MELICHAR,20082009,-0.0460766533385731,-0.0858112901161479
MATTHEW_SPILLER,20072008,-0.0464898094345434,-0.163181002380556
MATTIAS_NORSTROM,20072008,-0.047099576385325,-0.093389280596149
MATT_GREENE,20132014,-0.0493520520138915,-0.0805281059845219
VERNON_FIDDLER,20132014,-0.050743252963613,-0.0432506057830736
ANDY_SUTTON,20112012,-0.0508702474152767,-0.0708184174106955
DENIS_ARKHIPOV,20062007,-0.0509613844531686,-0.0462655435143654
BRENT_JOHNSON,20112012,-0.0509781402210491,-0.0898615773625165
JASON_LABARBERA,20132014,-0.0517342020671587,-0.0752519623205847
JEFF_HALPERN,20132014,-0.0526557724114411,-0.0456720960341495
JEFF_HACKETT,20032004,-0.0536182014181011,-0.070307867469024
ALEXANDER_EDLER,20132014,-0.0555362809239913,-0.0781452288429322
ANDREW_GREENE,20132014,-0.0556647129882797,-0.0372540804540592
DICK_TARNSTROM,20072008,-0.0570106872509815,-0.103642013200209
ANDREJ_MESZAROS,20132014,-0.0586255515446306,-0.0117475373582225
BRETT_CLARK,20122013,-0.0591253036278837,-0.0392747686662956
CHRIS_DINGMAN,20052006,-0.0592987729050304,-0.140545912526727
JANNE_NIINIMAA,20062007,-0.059398733724998,-0.0905388386812792
JEFF_HOGGAN,20092010,-0.0600115499208812,-0.107673267538446
DANIEL_TJARNQVIST,20082009,-0.0607426839074247,-0.0673290305345743
BRYAN_ALLEN,20132014,-0.0607920374257144,-0.0736741656217828
WYATT_SMITH,20072008,-0.0611187484211348,-0.127170913156412
JACK_SKILLE,20122013,-0.0616136934291056,-0.0410606953934635
DENNIS_SEIDENBERG,20132014,-0.0616541603729385,-0.0794615415811959
DANY_SABOURIN,20082009,-0.0619608730201459,-0.143818179001699
LYLE_ODELEIN,20052006,-0.0619994621642285,-0.066350681262184
CAM_BARKER,20122013,-0.0622950757936338,-0.0720182263901084
STEVE_BEGIN,20122013,-0.0624424821935686,-0.0909501598648287
JAY_MCKEE,20092010,-0.0624949258623515,-0.071625123470853
BYRON_RITCHIE,20072008,-0.0632613311203232,-0.0870100543000536
AKI_BERG,20052006,-0.0651384025303012,-0.158584135916927
NICK_SPALING,20132014,-0.0652016190306064,-0.0467073956391334
JOCELYN_THIBAULT,20072008,-0.065957932800666,-0.0840551984402683
DOMINIC_MOORE,20132014,-0.0668654810333848,-0.0564506454399545
JARED_COWEN,20132014,-0.0672660470446688,-0.0291306044750888
AARON_MILLER,20072008,-0.0674989504205882,-0.129160405050737
OLEG_TVERDOVSKY,20062007,-0.0677767130228628,-0.138342765646575
BRIAN_BOYLE,20132014,-0.0679563881531119,-0.0759836076750676
MARTY_REASONER,20122013,-0.0680907603009661,-0.0526445794486342
KURT_SAUER,20092010,-0.0683134519228574,-0.0754257713533941
BRENDAN_MIKKELSON,20122013,-0.0686697534426251,-0.0742776652521099
JARED_BOLL,20132014,-0.0688838887774488,-0.112069158058214
JON_KLEMM,20072008,-0.0700305550876403,-0.08271049373562
MARC_STAAL,20132014,-0.0704203295530555,-0.0818668521500654
CHRIS_CHELIOS,20092010,-0.0709292488760596,-0.0814111129725501
BRYCE_SALVADOR,20132014,-0.0712651381141945,-0.0539624540909985
TODD_SIMPSON,20052006,-0.0720239719120528,-0.0961812395467934
MURRAY_BARON,20032004,-0.0720704538649292,-0.0937895156191544
KARRI_RAMO,20132014,-0.0723754715843744,0
ZACK_SMITH,20132014,-0.072637608018638,-0.0273181968342203
JOHN_MCCARTHY,20132014,-0.0727198545839658,-0.2102685182156
JAKUB_KLEPIS,20062007,-0.0730003632706345,-0.196507021829871
CODY_MCLEOD,20132014,-0.0731061805529504,-0.0767754835934859
DUSTIN_BOYD,20102011,-0.0738898377190011,-0.111356472472693
ANTERO_NIITTYMAKI,20102011,-0.0741077026657633,-0.0262896211203581
CHRIS_THERIEN,20052006,-0.0745987226383786,-0.103248501725933
JAY_HARRISON,20132014,-0.0773357037272241,-0.118515848520609
KIRK_MALTBY,20092010,-0.0777933783626262,-0.0785416024627443
AARON_ROME,20122013,-0.0780397030884994,-0.116229849494436
JOHN_MOORE,20132014,-0.0792270878779657,-0.129429068898896
ADAM_FOOTE,20102011,-0.0797400514965881,-0.0890705317746908
RYAN_O'BYRNE,20122013,-0.081033358383428,-0.102121169916648
DEREK_MORRIS,20132014,-0.0810969422299201,-0.0924349415080249
MARTIN_SKOULA,20092010,-0.0813180428160772,-0.0909984691137255
TODD_MARCHANT,20102011,-0.081522809500713,-0.0616834508450573
ALEXANDRE R._PICARD,20112012,-0.0815996225749285,-0.0605958073352245
MIKE_BROWN,20132014,-0.0822430166233305,-0.119424880005338
ETHAN_MOREAU,20112012,-0.0835065389003592,-0.0953085053195638
CHRIS_PHILLIPS,20132014,-0.0835998223958532,-0.0314647547613149
GLEN_MURRAY,20072008,-0.0836013021916839,-0.105168559201522
MIKE_GRIER,20092010,-0.0850200349599299,-0.0957753108350231
STEVE_POAPST,20052006,-0.0853627349515854,-0.0766199679188516
ANDREW_ALBERTS,20132014,-0.0860035784290911,-0.10045474960094
STEPHEN_PEAT,20052006,-0.0869004962640978,-0.259885794451535
MAXIM_LAPIERRE,20132014,-0.0875584126913863,-0.112503171343254
MATTIAS_OHLUND,20102011,-0.0881727051411989,-0.0973226399941591
JODY_SHELLEY,20112012,-0.0883379753786589,-0.0887137748427184
DIMITRY_AFANASENKOV,20062007,-0.0887547006035708,-0.0525492426164138
SEAN_BROWN,20052006,-0.0897079778028663,-0.132519399162836
MILAN_JURCINA,20112012,-0.0901437601817498,-0.113729313702886
PASCAL_RHEAUME,20052006,-0.0905824072485194,-0.0976771457071444
JASON_SMITH,20082009,-0.0911162878564708,-0.0794297418111235
JOEY_MACDONALD,20132014,-0.0941807528960198,-0.115668273116474
MIKE_KOMISAREK,20132014,-0.094401424904541,-0.14759425778779
ANDY_DELMORE,20052006,-0.0950215107691851,-0.143512463148522
LADISLAV_SMID,20132014,-0.0950352054445516,-0.112876294775496
JUSTIN_FALK,20132014,-0.0950380011975774,-0.138220420484033
JIRI_FISCHER,20052006,-0.0953392337738594,-0.119999286436992
B.J._CROMBEEN,20132014,-0.0957981152735707,-0.0742126280000323
GREGORY_CAMPBELL,20132014,-0.0985167568046133,-0.0839354372094576
AARON_WARD,20092010,-0.0990745020373234,-0.128389252410541
ANDREI_ZYUZIN,20072008,-0.102350220431174,-0.144986253039474
ANDREW_FERENCE,20132014,-0.103294627327712,-0.128771553033862
GARTH_MURRAY,20082009,-0.103842457318477,-0.20951603305654
MATT_WALKER,20112012,-0.105876390070075,-0.0891365756287191
ERIC_CAIRNS,20052006,-0.10716178615257,-0.164236478226949
ROD_PELLEY,20112012,-0.107390731124646,-0.103111811383186
IVAN_NOVOSELTSEV,20032004,-0.10909625223168,-0.0665546003459111
ANDREAS_LILJA,20122013,-0.111180151232435,-0.110965986246668
ALEXEI_EMELIN,20122013,-0.111268315459593,-0.175783782764045
NATE_THOMPSON,20132014,-0.111438448130869,-0.0254509887218478
JOEL_KWIATKOWSKI,20072008,-0.111700279350999,-0.11052445278359
JASON_DOIG,20032004,-0.115301799064224,-0.18370799912229
YAN_STASTNY,20092010,-0.11578076458104,-0.136834331957062
TOBY_PETERSEN,20112012,-0.116208350190176,-0.130346989368504
JED_ORTMEYER,20112012,-0.116353799578528,-0.101119968137189
DENIS_GAUTHIER,20082009,-0.117570545202684,-0.155967905977278
TODD_FEDORUK,20092010,-0.118611837259792,-0.117483127230693
JEAN-PIERRE_VIGIER,20062007,-0.11877540235029,-0.129415281480288
RYAN_CRAIG,20132014,-0.119316457111817,-0.0993362779228398
KEVIN_KLEIN,20132014,-0.119874169649139,-0.117842504410646
BRAD_WINCHESTER,20112012,-0.121487519628723,-0.112718373585826
COLIN_WHITE,20112012,-0.121776320561875,-0.107884365588908
TANNER_GLASS,20132014,-0.121840647785202,-0.166298964290028
ERIC_BREWER,20132014,-0.122069701212084,-0.0905173695986142
ADAM_HALL,20132014,-0.122689850134923,-0.0694942189981796
KARLIS_SKRASTINS,20102011,-0.123795369394602,-0.120430436908442
BLAIR_BETTS,20102011,-0.125233844175073,-0.0958743559304249
DOUGLAS_MURRAY,20132014,-0.127097591941762,-0.139345507375761
MIKA_NORONEN,20052006,-0.128377142270589,-0.160825046115339
RADEK_BONK,20082009,-0.129099932553155,-0.107015175235725
BRIAN_HOLZINGER,20032004,-0.131393782115148,-0.22521309812824
NICK_LEDDY,20132014,-0.132106805809144,-0.132761158256586
ALEXANDER_KARPOVTSEV,20052006,-0.132548779980729,-0.15530297494649
BRIAN_ELLIOTT,20132014,-0.134079143087031,-0.0858158234017428
SEBASTIEN_CARON,20112012,-0.138590640081502,-0.192973496607234
SCOTT_HANNAN,20132014,-0.138738238113376,-0.129634655897273
SAMI_KAPANEN,20072008,-0.139754386197026,-0.125832220311358
MATT_MARTIN,20132014,-0.139997309658105,-0.185844102012793
ANDREW_PETERS,20092010,-0.140917773301552,-0.256699589026355
DALLAS_DRAKE,20072008,-0.142444937695496,-0.113201724999847
ERIC_WEINRICH,20052006,-0.14334950959155,-0.136953376080477
NICK_TARNASKY,20092010,-0.144051375486651,-0.110083560286882
SHAWN_BATES,20072008,-0.145606177707414,-0.180454818138368
JAMIE_PUSHOR,20052006,-0.146491457451591,-0.227297808359841
MICHAEL_RYAN,20082009,-0.147145801076422,-0.230486656401051
MATT_SMABY,20102011,-0.147904836992122,-0.120802338233549
JAY_MCCLEMENT,20132014,-0.147967358551918,-0.116509669834569
MATT_LASHOFF,20102011,-0.14803141983753,-0.208293282909304
CRAIG_ADAMS,20132014,-0.149551049827955,-0.176056005317426
JEFF_FINLEY,20032004,-0.151075598320802,-0.166794005780248
CALE_HULSE,20052006,-0.151086091314783,-0.176352323141389
RIC_JACKMAN,20062007,-0.154258043323121,-0.211544034878398
RICO_FATA,20062007,-0.157476703873627,-0.216587048823262
IGOR_KOROLEV,20032004,-0.157575920347381,-0.167180186651415
JAMAL_MAYERS,20122013,-0.157925364104589,-0.148439463531036
BRUNO_GERVAIS,20122013,-0.159648918141589,-0.178962132429297
JOHN_ERSKINE,20132014,-0.160289757886948,-0.192670913509484
TRAVIS_MOEN,20132014,-0.162342673321236,-0.16263706902405
STEVE_EMINGER,20122013,-0.162420256203601,-0.1634165369718
JAY_BOUWMEESTER,20132014,-0.162721264387081,-0.151691441283588
JUSTIN_SCHULTZ,20132014,-0.163379716050749,-0.212942382399706
DARBY_HENDRICKSON,20032004,-0.163477025109536,-0.235889914770545
JOE_JUNEAU,20032004,-0.163571447360612,-0.2273362751218
TIM_JACKMAN,20132014,-0.166144993058426,-0.208907498244419
VLADIMIR_MALAKHOV,20052006,-0.17012991617078,-0.179234777305826
JANI_HURME,20022003,-0.171095388957806,-0.192575864558883
CAM_FOWLER,20132014,-0.173983341718486,-0.18415490429283
BRENDAN_WITT,20092010,-0.17421932484915,-0.209436158149371
P. J._AXELSSON,20082009,-0.174452625001673,-0.210080369862922
BRIAN_BOUCHER,20122013,-0.175109982702066,-0.162831247442523
PATRICK_LALIME,20102011,-0.175927522521567,-0.126966945272586
BRIAN_LASHOFF,20132014,-0.179977496775075,-0.250266270568934
TYLER_WRIGHT,20052006,-0.180343590011828,-0.190463414026199
STEVE_MCCARTHY,20072008,-0.182303762020481,-0.212173467816675
BRYAN_BERARD,20072008,-0.18236795536752,-0.202373042279426
ERIC_NYSTROM,20132014,-0.184332503001664,-0.198446006813917
KONSTANTIN_KOLTSOV,20052006,-0.186046233221799,-0.25047639142346
WADE_BELAK,20102011,-0.197100250047771,-0.254556736964584
JASON_WARD,20072008,-0.19822617573077,-0.182191627902496
BRIAN_LEE,20122013,-0.199244441622224,-0.170503719152812
JERRED_SMITHSON,20132014,-0.201091955041848,-0.181688331222938
MIKAEL_HOLMQVIST,20062007,-0.204398228685448,-0.22366738008826
MIKE_SANTORELLI,20132014,-0.204598772127175,-0.191734417660286
NICLAS_HAVELID,20082009,-0.206896127274279,-0.228115961445025
LUKE_RICHARDSON,20082009,-0.208093335466961,-0.199328825789985
AARON_VOROS,20102011,-0.210853810161348,-0.248617444632984
HANNU_TOIVONEN,20072008,-0.216250481661213,-0.225527325947262
RYAN_PARENT,20102011,-0.216466815682655,-0.229235105324262
JACK_JOHNSON,20132014,-0.216858106457128,-0.254132203111255
MILAN_HNILICKA,20032004,-0.218905549971428,-0.328292264735455
LUCA_SBISA,20132014,-0.220527572419014,-0.227028212603615
DERON_QUINT,20062007,-0.220696078204596,-0.263237957126236
CLARKE_WILM,20052006,-0.223449098359767,-0.236748936325862
RICHARD_MATVICHUK,20062007,-0.224314784068805,-0.253080970175633
JEREMY_REICH,20072008,-0.22862791490548,-0.308392292219348
MATT_JONES,20072008,-0.230099256251776,-0.282861272788452
KELLY_BUCHBERGER,20032004,-0.230345990560647,-0.301890131283866
ZENON_KONOPKA,20132014,-0.231728453583158,-0.221602536434489
YANNICK_TREMBLAY,20062007,-0.232799854180831,-0.254618552877921
BRETT_HULL,20052006,-0.234132684023631,-0.267581875548549
DANIEL_MCGILLIS,20052006,-0.234136895556116,-0.254289109556507
JEAN-FRANCOIS_JACQUES,20112012,-0.235500652826162,-0.265952825815746
WAYNE_PRIMEAU,20092010,-0.236795631860219,-0.24843230927614
RORY_FITZPATRICK,20072008,-0.241125422798489,-0.275283869057252
NICLAS_WALLIN,20102011,-0.242317223435931,-0.265798660361615
ENVER_LISIN,20092010,-0.244027198879245,-0.286468235084304
TODD_ROHLOFF,20032004,-0.247689328274999,-0.356680641245543
NINO_NIEDERREITER,20132014,-0.249235642991459,-0.34483943249263
DEREK_MEECH,20122013,-0.253153060474687,-0.294392393818643
MARTIN_LAPOINTE,20072008,-0.257880332382818,-0.259943392003674
DAVID_RUNDBLAD,20132014,-0.276977758075145,-0.346756932232652
CRAIG_JOHNSON,20032004,-0.277717812871274,-0.363662560332712
STEPHANE_VEILLEUX,20132014,-0.278177832333254,-0.279736625071067
TAYLOR_CHORNEY,20112012,-0.27916295291976,-0.352564621244829
DARROLL_POWE,20132014,-0.28245912058237,-0.27203257934138
KENT_MANDERVILLE,20022003,-0.293749427645206,-0.462071591134531
STEVEN_GOERTZEN,20092010,-0.29400555379645,-0.431672972195881
JASON_STRUDWICK,20102011,-0.301917014001489,-0.30260781848505
RYAN_JOHNSON,20102011,-0.313353104833798,-0.290300744866415
CAM_JANSSEN,20132014,-0.316385726171743,-0.332454241603692
BYRON_DAFOE,20032004,-0.330214467570003,-0.368338282424835
IVAN_MAJESKY,20052006,-0.330548794558291,-0.325816280346612
RYAN_HOLLWEG,20102011,-0.333710838954029,-0.414722495036976
PHILIPPE_SAUVE,20062007,-0.335373079266214,-0.369753730471595
BRAD_FERENCE,20062007,-0.352525208010023,-0.392069256767738
JAMIE_ALLISON,20052006,-0.358905607053308,-0.393719823211803
SCOTT_LACHANCE,20032004,-0.376894416515929,-0.414813112871808
MATHIEU_BIRON,20052006,-0.415902893310887,-0.431972492069121
THOMAS_POCK,20082009,-0.417599145195314,-0.471952671134091
TIM_TAYLOR,20062007,-0.433545434584596,-0.377643595919072
RAITIS_IVANANS,20112012,-0.441679291454428,-0.558677551203151
ERIK_GUDBRANSON,20132014,-0.475429244745203,-0.463437884580252
