who,last_active,TPq10,TPmed,TPq90
PETER_FORSBERG,20102011,1,1,3
SIDNEY_CROSBY,20132014,5,16,50
BRAD_MARCHAND,20132014,4,18,128
MARTIN_GELINAS,20072008,5,23,120
JOE_THORNTON,20132014,8,24,67
JONATHAN_TOEWS,20132014,9,32,113
PAVEL_DATSYUK,20132014,12,37,111.1
ALEXANDER_SEMIN,20132014,12,38,116
MARIAN_HOSSA,20132014,14,39,102
TYLER_TOFFOLI,20132014,2,41,827.200000000001
DANIEL_ALFREDSSON,20132014,17,48,132
MARIAN_GABORIK,20132014,17,50,148.1
ALEX_OVECHKIN,20132014,18,58,182
RYAN_GETZLAF,20132014,16,67,278
LOGAN_COUTURE,20132014,13,71,360.1
TEEMU_SELANNE,20132014,25,81,238.1
MARTIN_HAVLAT,20122013,25,82,249
ERIC_FEHR,20132014,13,83,438
HENRIK_SEDIN,20132014,17,98,472
NATHAN_HORTON,20132014,29,99.5,310
PATRIC_HORNQVIST,20132014,19,100,459
DAVID_PERRON,20132014,23,103,406
DANIEL_SEDIN,20132014,18,103,506.1
RADIM_VRBATA,20132014,30,104,329.1
DEREK_MACKENZIE,20132014,10,104,740
ZACH_PARISE,20132014,27.9000000000001,105,357
PATRICK_ROY,20022003,6,105,972
LADISLAV_NAGY,20072008,20,106,486.200000000001
ZIGMUND_PALFFY,20052006,9,107,733
STEVE_DOWNIE,20132014,22,108,438
JOHAN_FRANZEN,20132014,32,112,334.1
JAROMIR_JAGR,20132014,35,117,351
ROBERT_LANG,20092010,33,117,383
LOUI_ERIKSSON,20132014,33,119.5,384
MIKKO_KOIVU,20132014,34,120,385
ANDREI_MARKOV,20132014,41,122,336
GABRIEL_LANDESKOG,20132014,14,122,714
JASON_ARNOTT,20112012,41,128,377
VINCENT_LECAVALIER,20132014,41,130,382
LUBOMIR_VISNOVSKY,20132014,44,135,382
BENOIT_POULIOT,20132014,26,136,585
ALEX_TANGUAY,20132014,49,139,364
PATRIK_ELIAS,20132014,43,142,435
JOE_PAVELSKI,20132014,42,142,448
CHRIS_PRONGER,20112012,50,143,371
ALEXANDER_RADULOV,20112012,20,148,761
HENRIK_ZETTERBERG,20132014,57,154,396
NICKLAS_LIDSTROM,20112012,58,164,418
PIERRE-MARC_BOUCHARD,20132014,46,169.5,533.1
JUSTIN_WILLIAMS,20132014,57,171,473.1
DOMINIK_HASEK,20072008,41,173,605
ANZE_KOPITAR,20132014,49,174,545.1
CHRIS_KUNITZ,20132014,58,176,498.1
KYLE_WELLWOOD,20122013,44,177,624
TEDDY_PURCELL,20132014,45,193,682.1
ZDENO_CHARA,20132014,78,195,469
TYLER_KENNEDY,20132014,43,196,705
THOMAS_VANEK,20132014,64,196.5,538
MILAN_HEJDUK,20122013,67.9000000000001,200,538.1
MAREK_MALIK,20082009,51,202,676.1
DUSTIN_PENNER,20132014,63,204,578
RICK_NASH,20132014,77,205,516.1
ONDREJ_PALAT,20132014,8,218,1276.1
ALEXEI_PONIKAROVSKY,20122013,69.9000000000001,219,615.1
P.K._SUBBAN,20132014,46,226,853
T.J._OSHIE,20132014,49,234,844.1
JAKUB_VORACEK,20132014,64,237,747.1
ALEX_BURROWS,20132014,74,240,717.1
EVGENI_MALKIN,20132014,83,246,659.1
DAYMOND_LANGKOW,20112012,79,246,678
STEVEN_STAMKOS,20132014,62,247,793
BOBBY_RYAN,20132014,69,250,763
STEVE_THOMAS,20032004,21,250,1211
KIMMO_TIMONEN,20132014,100,253,594
PETER_SCHAEFER,20102011,58,253,846
PATRICE_BERGERON,20132014,79,260,761
MATT_MOULSON,20132014,54,264.5,974
NATHAN_GERBE,20132014,39,265.5,1073
PETR_CAJANEK,20062007,45,266,1002
TOBIAS_ENSTROM,20132014,81,270,788
MIKE_RIBEIRO,20132014,97,271,684
JIRI_HUDLER,20132014,73,271,840.1
ADAM_HENRIQUE,20132014,36,271,1092
DAVID_BACKES,20132014,80,274,801
PATRICK_SHARP,20132014,98,277,712
BRENDAN_MORRISON,20112012,92,279,775.1
CHRIS_SIMON,20072008,47,282,1101
JEFF_CARTER,20132014,103.9,288,707
JOEL_WARD,20132014,72,289,920
RYAN_NUGENT-HOPKINS,20132014,37,290,1174.1
SHANE_DOAN,20132014,111,291,699
DAVID_KREJCI,20132014,77,292,945
MARCO_STURM,20112012,81,294,882
MARC_SAVARD,20102011,89,295,846
SEAN_BURKE,20062007,55,295,1062.2
ALEX_FROLOV,20102011,83,298,889
ROB_KLINKHAMMER,20132014,16,300,1368.1
CAM_ATKINSON,20132014,27,301,1262.1
KEITH_YANDLE,20132014,92,303,857
KEITH_TKACHUK,20092010,90,304,875
ALEX_STEEN,20132014,99,305,820
FRANS_NIELSEN,20132014,74,305.5,967.1
JOCHEN_HECHT,20122013,106,307,813.1
ERIK_COLE,20132014,112,310,766
HENRIK_LUNDQVIST,20132014,115,314,786
MIKE_RICHARDS,20132014,115,315,772.1
JADEN_SCHWARTZ,20132014,25,315,1323.1
NICKLAS_BACKSTROM,20132014,89,318,937
JONATHAN_BERNIER,20132014,62,318,1101
COLIN_WILSON,20132014,56,322,1151
STEPHEN_WEISS,20132014,110,326,855
TAYLOR_HALL,20132014,59,335,1150
NAZEM_KADRI,20132014,45,335,1258.1
JAROME_IGINLA,20132014,135,336,806
BRYAN_LITTLE,20132014,93,338,952
FERNANDO_PISANI,20102011,93,339,990
DAN_BOYLE,20132014,119,341,859
JUSSI_JOKINEN,20132014,119,341,867
MICHAEL_RYDER,20132014,120,342,854.1
JORDAN_EBERLE,20132014,61.9000000000001,345,1174
BRIAN_RAFALSKI,20102011,113,345.5,898
SCOTT_HARTNELL,20132014,132,346,836.1
MARK_STREIT,20132014,118,347,898.1
SCOTTIE_UPSHALL,20132014,95,347,1008.1
JANNIK_HANSEN,20132014,81,350,1098
SIMON_GAGNE,20122013,119,353,915.1
TRENT_HUNTER,20112012,101,355,1025
MATT_CULLEN,20132014,133,356,846
CURTIS_GLENCROSS,20132014,97,358,1016
CLAUDE_GIROUX,20132014,107,359,1014.1
ERIK_GUSTAFSSON,20132014,33,362.5,1367
WOJTEK_WOLSKI,20122013,116,365,985
STEVEN_REINPRECHT,20102011,109,369,1033.1
NOLAN_BAUMGARTNER,20092010,43,369.5,1334
TYLER_SEGUIN,20132014,72,370,1203
RYAN_SMYTH,20132014,144,374,877
BRAD_BOYES,20132014,134,374,906
PAUL_STASTNY,20132014,125,377,992.1
EVANDER_KANE,20132014,93,378,1131
MIKAEL_SAMUELSSON,20132014,129,379,965
SERGEI_KOSTITSYN,20122013,99,380,1109.2
ANDREI_KOSTITSYN,20112012,104.9,382.5,1101
ANDREW_LADD,20132014,123,386,1001
CARL_HAGELIN,20132014,60,387,1321.1
MILAN_LUCIC,20132014,98,389,1117
ILYA_KOVALCHUK,20122013,157,391,872
NIK_ANTROPOV,20122013,140.9,391,972
ADAM_MCQUAID,20132014,70,392.5,1254.1
SEAN_AVERY,20112012,109,398,1102
TOMAS_PLEKANEC,20132014,135,399,1028
BRIAN_GIONTA,20132014,130,401,1030
VIKTOR_KOZLOV,20082009,108,401,1118
DUSTIN_BROWN,20132014,129,407,1075.1
MATT_CARLE,20132014,148,408,993
VALERI_BURE,20032004,55,409.5,1381
MIKE_KNUBLE,20122013,156,415,999.1
JASON_SPEZZA,20132014,147,415,1014
JASON_BLAKE,20112012,155,415.5,1001.1
PHIL_KESSEL,20132014,133,417,1027.1
LEE_STEMPNIAK,20132014,145,418,1033.1
MIKHAIL_GRABOVSKI,20132014,109.9,418,1147
LANDON_WILSON,20082009,31,418,1504.1
PAVOL_DEMITRA,20092010,131.9,422.5,1123
COREY_PERRY,20132014,109,423.5,1186
DOUG_WEIGHT,20102011,130,424,1097.2
OLLI_JOKINEN,20132014,171,425,952
JOZEF_STUMPEL,20072008,97,426.5,1224
CHRISTIAN_EHRHOFF,20132014,160,432,996.1
TOM_PREISSING,20092010,95,433,1260
ERIC_DESJARDINS,20052006,78,433,1331
TRAVIS_ZAJAC,20132014,122,433.5,1151
DANY_HEATLEY,20132014,176,434,989.1
DEREK_ROY,20132014,156,434,1033
ROMAN_CECHMANEK,20032004,72,435,1372
DEREK_STEPAN,20132014,94,436,1258
CURTIS_LESCHYSHYN,20032004,38,436,1490
CHRISTIAN_BACKMAN,20082009,110,439,1242
SLAVA_VOYNOV,20132014,74,439,1353
BRIAN_CAMPBELL,20132014,192,440,947
ALES_HEMSKY,20132014,162,442,1088
MATS_SUNDIN,20082009,137,442,1128
ALEX_GOLIGOSKI,20132014,138,444,1145.1
SCOTT_PARSE,20112012,35,444,1519.1
DAVID_LEGWAND,20132014,166,445,1031
STEVE_SULLIVAN,20122013,160,455,1071
RYAN_WILSON,20132014,93,455,1309
BEN_LOVEJOY,20132014,77,455,1381
MICHEL_OUELLET,20082009,75,457,1418
MIIKKA_KIPRUSOFF,20122013,180,459,1012
OLEG_KVASHA,20052006,76,460,1402
PATRIK_BERGLUND,20132014,123,464.5,1265
CODY_FRANSON,20132014,116,468,1291
PETER_BONDRA,20062007,99.9000000000001,475,1333
GUSTAV_NYQUIST,20132014,37,475,1581
RYAN_MCDONAGH,20132014,106,476,1330
BRENDAN_GALLAGHER,20132014,52,479.5,1510.1
DRAKE_BEREHOWSKY,20032004,44,490,1572
MARK_GIORDANO,20132014,154,491,1225
BRANDON_SAAD,20132014,58,491.5,1521
IAN_COLE,20132014,54,492.5,1549.1
FREDRIK_MODIN,20102011,132,493,1279
BRYAN_BICKELL,20132014,100,493,1361
BRANDON_DUBINSKY,20132014,155,494,1226.1
BRANDON_SUTTER,20132014,120,494,1308
WAYNE_SIMMONDS,20132014,130,498,1282
SHEA_WEBER,20132014,173,500,1180
JASON_POMINVILLE,20132014,185,501,1122
JEFFREY_HAMILTON,20082009,73,501,1508
ALEX_KOVALEV,20122013,192,502,1138
JOHN_LECLAIR,20062007,89,505,1431.1
VACLAV_PROSPAL,20122013,190,506.5,1150
DAVID_VYBORNY,20072008,131,509,1297
PETER_BUDAJ,20132014,189,512,1151
MATHIEU_SCHNEIDER,20092010,181,515,1219.1
RAFFI_TORRES,20122013,174,520,1231.1
VILLE_KOISTINEN,20092010,64,520,1538.1
OWEN_NOLAN,20092010,156,523,1301
JAROSLAV_SPACEK,20112012,208.9,530,1149
NIKOLAI_ZHERDEV,20102011,173,530,1277
TYLER_ENNIS,20132014,116,530.5,1407
R.J._UMBERGER,20132014,199,532,1169.1
JYRKI_LUMME,20022003,61,532,1618
BRIAN_ROLSTON,20112012,200,533,1203.1
ROBERTO_LUONGO,20132014,227,534,1100.1
MATHIEU_PERREAULT,20132014,93.9000000000001,535,1488
KEVIN_SHATTENKIRK,20132014,128,538,1374
MARTIN_ERAT,20132014,207.9,540,1173
KRIS_VERSTEEG,20132014,171,541,1283
CLARKE_MACARTHUR,20132014,165,542,1297
RAY_WHITNEY,20132014,224,544,1151.1
ALEX_PIETRANGELO,20132014,145,544,1368
CRAIG_ANDERSON,20132014,215,545,1155.1
ERIC_DAZE,20052006,72,545,1586
PHILIPPE_BOUCHER,20082009,177,546,1304
VYACHESLAV_KOZLOV,20092010,183,547,1277.1
JOSH_BAILEY,20132014,145,547,1326
MIKE_JOHNSON,20072008,114,547,1430
SERGEI_ZUBOV,20082009,165,548,1296.1
SIMON_DESPRES,20132014,57,548,1612.1
IAN_WHITE,20122013,218,555.5,1231
MIKE_MOTTAU,20132014,140,556,1397
MICHAEL_GRABNER,20132014,124,556,1421
BRENDEN_MORROW,20132014,205.9,557,1238
EMERSON_ETEM,20132014,43,559,1654
RYAN_KESLER,20132014,208,562,1244
ROMAN_HAMRLIK,20122013,241,564,1163
AL_MONTOYA,20132014,125,564,1445
DAVID_DESHARNAIS,20132014,103,564,1511
TIM_THOMAS,20132014,219,568,1212
MAREK_SVATOS,20102011,145,570,1412
MIKE_DUNHAM,20062007,154,572,1415
ERIC_WELLWOOD,20112012,40,572.5,1705
MICHAL_ROZSIVAL,20132014,221,574,1218
EVGENY_ARTYUKHIN,20092010,79,575,1601
BEAU_BENNETT,20132014,43,580.5,1689
SERGEI_SAMSONOV,20102011,201,582,1294.1
JAMIE_BENN,20132014,160,583.5,1382
ALEXANDER_PEREZHOGIN,20062007,63,584,1626.1
MIROSLAV_SATAN,20092010,199,586,1300.1
MICHAEL_SAUER,20112012,79,586,1636.1
MICHAEL_NYLANDER,20082009,182,589,1366
ANDREW_BRUNETTE,20112012,223,590,1256
MILAN_MICHALEK,20132014,206,590.5,1301
TOMAS_TATAR,20132014,51,591,1692
DAVE_BOLLAND,20132014,183,592,1357
JERE_LEHTINEN,20092010,181,592,1379
ANTON_KHUDOBIN,20132014,86,593,1592
PETR_SYKORA,20112012,218,595,1310
BLAKE_WHEELER,20132014,182,596,1359.1
KARI_LEHTONEN,20132014,243.9,597.5,1235.1
JOFFREY_LUPUL,20132014,229,599,1276
MIKE_GREEN,20132014,222,599.5,1300.1
DAVID_AEBISCHER,20072008,183,601,1383.1
JONATHAN_CHEECHOO,20092010,169,601,1440
CORY_CONACHER,20132014,78,601,1650
JAMES_REIMER,20132014,167,605.5,1420
NICK_FOLIGNO,20132014,179,606,1408
KRISTIAN_HUSELIUS,20112012,223,608,1323
JARED_SPURGEON,20132014,126,609,1539.1
MATT_DUCHENE,20132014,190,615,1423
STEPHANE_ROBIDAS,20132014,246,616,1263
MAX_PACIORETTY,20132014,147.9,616,1484
ERIK_CONDRA,20132014,109,618,1581.1
NICK_JOHNSON,20122013,81,621.5,1652.1
SERGEI_FEDOROV,20082009,211,624,1371
DREW_STAFFORD,20132014,203,624.5,1386.1
TONY_AMONTE,20062007,156,625,1469
CAM_WARD,20132014,266,626,1270.1
BRYAN_MCCABE,20102011,260,628,1307
JEAN-PIERRE_DUMONT,20102011,225,629,1346
BENN_FERRIERO,20122013,75,629,1684
JOE_CORVO,20132014,254,630,1284
MARK_BARBERIO,20132014,46,633,1755
ANDREW_COGLIANO,20132014,204,633.5,1390.2
JASON_GARRISON,20132014,180,637,1479.1
ANDY_HILBERT,20092010,152,639,1497
JOHN_TAVARES,20132014,168,640,1518.1
MATT_COOKE,20132014,250,641,1323
PATRICK_WIERCIOCH,20132014,84,641,1682.2
JOHN_GRAHAME,20072008,178,644,1468
MARTIN_RUCINSKY,20072008,173,644,1485.1
BRENDAN_SHANAHAN,20082009,216,646,1416.1
ALES_PISA,20022003,56,647,1724.1
VLADIMIR_TARASENKO,20132014,81,648,1700.1
MARTIN_ST. LOUIS,20132014,221,650,1411
OLEG_SAPRYKIN,20062007,142,650,1554
MARC-EDOUARD_VLASIC,20132014,240,652,1366
DANIEL_PAILLE,20132014,190,652,1470
VALTTERI_FILPPULA,20132014,229,655,1384
DARIUS_KASPARAITIS,20062007,136,656.5,1598
OLIVER_EKMAN-LARSSON,20132014,166,657,1517
ED_BELFOUR,20062007,212,658.5,1452.1
THOMAS_HICKEY,20132014,89,658.5,1685
DAVID_VAN DER GULIK,20122013,60,659,1768
NIKITA_KUCHEROV,20132014,44,661.5,1812.1
MARK_FAYNE,20132014,154,662.5,1549.1
ERIC_BOGUNIECKI,20052006,120,663,1639
MARCUS_NILSON,20072008,160,663.5,1536.1
NATHAN_MACKINNON,20132014,76,667,1710.1
MANNY_LEGACE,20092010,267,668,1353.1
CHRIS_NEIL,20132014,231,668,1407
DALTON_PROUT,20132014,69,669,1733.1
SCOTT_MELLANBY,20062007,166,670,1570
MARC-ANDRE_GRAGNANI,20112012,98.9000000000001,675,1705
JARRET_STOLL,20132014,263,678,1368
VILLE_LEINO,20132014,183,678,1531.1
ERIC_STAAL,20132014,286,679,1336
CHRISTOPHER_TANEV,20132014,123,679,1649
MATTHEW_BARNABY,20062007,163,681,1548
JOHNNY_BOYCHUK,20132014,197,683,1490.1
RUSLAN_SALEI,20102011,273,686,1369
RYAN_SUTER,20132014,272.9,689,1370
JAKOB_SILFVERBERG,20132014,89,690,1738
KEITH_CARNEY,20072008,210,691,1508
PIERRE_TURGEON,20062007,144,692,1619
DEAN_MCAMMOND,20092010,215,694,1505
DAVID_SCHLEMKO,20132014,154,694,1611
JAN_HRDINA,20052006,146,695,1615.1
MATS_ZUCCARELLO,20132014,117,696,1677
GARY_ROBERTS,20082009,196.9,697.5,1555.1
JASON_HOLLAND,20032004,67,700.5,1826
MARTIN_BRODEUR,20132014,293,705,1371
JIRI_TLUSTY,20132014,187,706,1544.1
DREW_DOUGHTY,20132014,232,709,1470.1
ALEC_MARTINEZ,20132014,147,710.5,1664.3
ANDREW_SHAW,20132014,135,714,1664
TOMAS_VOKOUN,20122013,334,715.5,1326
AARON_JOHNSON,20122013,206,717,1529
TYLER_JOHNSON,20132014,86,717,1778
MARC-ANTOINE_POULIOT,20112012,143,717.5,1646
ANTON_BABCHUK,20122013,216,718,1540
JAROSLAV_HALAK,20132014,266,721,1425.1
STEVE_OLEKSY,20132014,96,721.5,1781.1
DEVAN_DUBNYK,20132014,235,722.5,1511
TOMAS_HOLMSTROM,20112012,266,723,1431
DION_PHANEUF,20132014,318,725,1382
TUUKKA_RASK,20132014,221,726,1505
PASCAL_DUPUIS,20132014,304,729,1377
DON_SWEENEY,20032004,122,729.5,1715
FREDERIK_ANDERSEN,20132014,82,730,1841
JOHN-MICHAEL_LILES,20132014,299,733,1402
JONI_PITKANEN,20122013,306,734,1396
BRANDON_PIRRI,20132014,60,734,1842.1
ALEKSEY_MOROZOV,20032004,127,735,1729.1
SPENCER_MACHACEK,20112012,61,738,1873
COLIN_GREENING,20132014,174,739.5,1654.1
COREY_CRAWFORD,20132014,257,740,1526.2
DUNCAN_KEITH,20132014,320,745,1399
JASON_DEMERS,20132014,199,745,1591.1
ANDREW_MACDONALD,20132014,221,746,1586.1
JOE_CALLAHAN,20102011,92,746,1801
MARK_MOWERS,20072008,136,747,1745
MIKKEL_BOEDKER,20132014,212,747.5,1600
MARKUS_NASLUND,20082009,260.9,749,1508.1
VILLE_PELTONEN,20082009,185.9,751,1646.3
JUSTIN_ABDELKADER,20132014,204,753,1637
MARK_CULLEN,20112012,80,753,1825
JURAJ_KOLNIK,20062007,161,754,1679.1
JUSTIN_FONTAINE,20132014,66,754.5,1862
MARK_SCHEIFELE,20132014,98,758,1802.1
BRYAN_MUIR,20062007,144,759.5,1733
CLAYTON_STONER,20132014,184,760,1680.1
JAROSLAV_BALASTIK,20062007,103,761,1811.1
P.A._PARENTEAU,20132014,224,762.5,1609
TYLER_ARNASON,20082009,265,763,1547.1
NATHAN_BEAULIEU,20132014,72,763,1900.1
ALLAN_ROURKE,20072008,92,765,1831.1
RYAN_MILLER,20132014,345,767,1424.1
KEITH_AUCOIN,20122013,154,769,1722
BILL_GUERIN,20092010,280,773,1490
JORDAN_STAAL,20132014,302,775,1493
BEN_BISHOP,20132014,211,775,1658
TOREY_KRUG,20132014,100.9,775,1823.1
JIM_SLATER,20132014,242,776.5,1591
JAKE_GARDINER,20132014,186,776.5,1687
TY_WISHART,20102011,88,782,1832
WES_WALZ,20072008,215,782.5,1631.1
RYAN_ELLIS,20132014,134,783,1765
TIM_CONNOLLY,20112012,296.9,783.5,1507.1
MATT_READ,20132014,188,784,1710.1
BOBBY_HOLIK,20082009,246,785,1584
RYAN_JONES,20132014,199,785,1663
SAKU_KOIVU,20132014,342,790,1452
CARLO_COLAIACOVO,20132014,277.9,790,1539
LUBOS_BARTECKO,20022003,96,793,1824.1
CORY_SCHNEIDER,20132014,246.9,794,1610
ALYN_MCCAULEY,20062007,152,795.5,1780
KYLE_PALMIERI,20132014,130,795.5,1780.1
ANTTI_NIEMI,20132014,298,797,1532.1
COLBY_ARMSTRONG,20122013,295,797.5,1542
CHRIS_KREIDER,20132014,123,798,1809
RYAN_GARBUTT,20132014,120,800,1831.1
COLIN_STUART,20112012,114,804,1866
DEREK_ARMSTRONG,20092010,219,806,1672.1
MATT_HALISCHUK,20132014,177,807,1732.1
ROBERT_NILSSON,20092010,225,807.5,1671
JAMES_VAN RIEMSDYK,20132014,267.9,816,1603
GRANT_CLITSOME,20132014,220,816,1695.1
JONATHAN_QUICK,20132014,299,819,1576
STAN_NECKAR,20032004,92,819,1897.1
MARTIN_JONES,20132014,96,820,1878.1
JACOB_JOSEFSON,20132014,129.9,823,1826
RICHARD_ZEDNIK,20082009,284,824,1584
PETER_REGIN,20132014,203,824,1734.2
LUC_ROBITAILLE,20052006,153,825,1771.1
RICHARD_PETIOT,20102011,87,825,1919
DAVID_BOOTH,20132014,278,826,1603
BRENT_SEABROOK,20132014,365,828.5,1489.2
MARK_FISTRIC,20132014,256.9,831,1665
TRAVIS_HAMONIC,20132014,242,831,1691
BRENT_BURNS,20132014,349,832,1522.1
QUINTIN_LAING,20092010,116.9,832.5,1853.1
ADAM_OATES,20032004,165,833.5,1795
BRIAN_POTHIER,20092010,291,837,1630
JAROSLAV_HLINKA,20072008,144,837.5,1856
TOMAS_KABERLE,20122013,394,840,1460
NIKITA_FILATOV,20112012,104,843,1919
RANDY_ROBITAILLE,20072008,269,844,1658
RYAN_CALLAHAN,20132014,312,845,1576
MICHAEL_GARNETT,20052006,141.9,845.5,1839
DANIEL_BRIERE,20132014,383.9,846,1484
RONALD_PETROVICKY,20062007,203,848,1746
ALEX_GALCHENYUK,20132014,162,848,1835
NIKLAS_HAGMAN,20112012,350,848.5,1571.1
JAKUB_KINDL,20132014,213.9,849,1745.2
TOMMY_SALO,20032004,229,851.5,1683
PAUL_HEALEY,20022003,117,852,1894.1
ANTTI_RAANTA,20132014,137,853,1878
LOUIS_LEBLANC,20132014,116,858,1917
PIERRE_DAGENAIS,20052006,141,861,1878.1
JOE_NIEUWENDYK,20062007,223,861.5,1740.1
RILEY_SHEAHAN,20132014,98,862,1954
MARTIN_GERBER,20102011,355,863,1550
ANTON_VOLCHENKOV,20132014,373,869,1542.1
ADAM_CRACKNELL,20132014,127,869,1919
JASON_CHIMERA,20132014,359,870,1553
LASSE_PIRJETA,20052006,178,870,1816
JAN_HLAVAC,20072008,227.9,871,1762
JEFF_WOYWITKA,20112012,259,875,1682.1
MARK_BELL,20072008,254,875,1690.1
KAMIL_KREPS,20092010,219,875,1786
ZACK_STORTINI,20102011,209,876,1819.1
SAMI_SALO,20132014,385.9,879,1546
JONAS_HILLER,20132014,365,879,1588.1
JOHNNY_ODUYA,20132014,353,880,1587.1
PAVEL_KUBINA,20112012,387.9,880.5,1545
MATHIEU_DARCHE,20112012,226,882.5,1753.1
JASON_ZUCKER,20132014,129,883,1926.1
JIRI_SLEGR,20052006,186.9,883.5,1833
KENNY_JONSSON,20032004,231,887,1777
VIKTOR_FASTH,20132014,180,887,1841
RICH_PEVERLEY,20132014,323.9,888,1613
CRAIG_SMITH,20132014,215,888,1784.1
SAMI_VATANEN,20132014,128,889,1914
NATE_SCHMIDT,20132014,125.9,889,1941
TOMAS_KURKA,20032004,110,889,1982
DANIEL_LACOSTA,20082009,100.9,890,1961.2
JASON_WOOLLEY,20052006,227,890.5,1780
FILIP_KUBA,20122013,407,891,1541.1
JAMES_NEAL,20132014,327,891,1636.1
JEFF_TOMS,20022003,93,893,1980
JEAN-GABRIEL_PAGEAU,20132014,128,895,1938.1
RYAN_MALONE,20132014,393,898,1575
MARC-ANDRE_BERGERON,20122013,378,899,1599
CHRIS_KELLY,20132014,371,899,1603
CRAIG_MACDONALD,20082009,194,899.5,1844.1
CURTIS_JOSEPH,20082009,361,900,1610
PETER_MUELLER,20122013,291,902,1700
JEFF_DROUIN-DESLAURIERS,20092010,170.9,902.5,1912
SAMI_HELENIUS,20022003,105,903,1967
PETRI_KONTIOLA,20072008,103,903,1988.1
SCOTT_STEVENS,20032004,170,904,1886
GLEN_WESLEY,20072008,307,904.5,1684
CORY_STILLMAN,20102011,386.9,905,1615
SERGEI_ZHOLTOK,20032004,208,907.5,1825
MIKE_MODANO,20102011,366.9,908,1632.1
NIKITA_NIKITIN,20132014,264.9,908,1777
CRAIG_CONROY,20102011,352,909,1635.1
SAM_GAGNER,20132014,356.9,910,1635
TREVOR_SMITH,20132014,148,910,1917.1
P.J._AXELSSON,20072008,290,911,1715.1
CARL_GUNNARSSON,20132014,308,914,1699
DAN_CARCILLO,20132014,275,914,1731.1
ALEXANDER_KOROLYUK,20032004,142,915,1941.1
BRETT_SKINNER,20082009,121,915,1982
RANDY_JONES,20112012,342.9,916,1662
BRANDON_BOCHENSKI,20092010,222,916,1816.1
DREW_SHORE,20132014,164,916.5,1923
SHAYNE_CORSON,20032004,160,917,1918
BRETT_CARSON,20122013,203,919,1846
MICHAL_GROSEK,20032004,146,920,1914
DARREN_HAYDAR,20072008,120,920,1970.1
LUC_BOURDON,20072008,130.9,923,1963.1
MIKE_LECLERC,20052006,195,926,1857.1
JASON_MARSHALL,20052006,155,926,1914.1
ARTURS_KULDA,20112012,126,927,1956
WILLIE_MITCHELL,20132014,424.9,927.5,1562
ANTOINE_VERMETTE,20132014,424,933,1566
MAREK_MAZANEC,20132014,165,934,1902
SEAN_COUTURIER,20132014,246.9,936,1821.1
JIMMY_HOWARD,20132014,381,937.5,1667
BRAD_RICHARDS,20132014,422,939,1590
JONAS_BRODIN,20132014,200.9,940,1887
JOSH_GORGES,20132014,381,942,1645.1
MIKE_MURPHY,20112012,114,942,2006
BOONE_JENNER,20132014,136,943,1989
JAMES_WISNIEWSKI,20132014,396,944,1630
JASON_YORK,20062007,277,944,1810
RILEY_NASH,20132014,173.9,944.5,1934
BRIAN_STRAIT,20132014,201,946.5,1893
JOHN_MITCHELL,20132014,294,947,1779
RUSLAN_FEDOTENKO,20122013,387,948,1658
ALEXANDRE_GIROUX,20112012,158.9,948.5,1933
SERGEI_GONCHAR,20132014,469,949,1554
DEVIN_SETOGUCHI,20132014,374.9,949,1680
ERIC_LINDROS,20062007,281.9,949,1806
DAVID_OLIVER,20052006,139,950,1958
SAMI_LEPISTO,20112012,270,950.5,1795
MARK_LETESTU,20132014,274,952.5,1801
NIKOLAI_KHABIBULIN,20132014,454,953,1581
NIGEL_DAWES,20102011,274,953,1797
DAINIUS_ZUBRUS,20132014,422,954,1612
KEN_KLEE,20082009,382.9,955,1683
MANNY_MALHOTRA,20132014,396,958,1657.1
DMITRI_KALININ,20082009,368,958,1678.1
ANDREI_NIKOLISHIN,20032004,218.9,958,1893
BRANDON_MANNING,20122013,126,958,2007
TOMAS_HERTL,20132014,150,959,1992
GREG_MAULDIN,20102011,157,960,1969
RYANE_CLOWE,20132014,386.9,961,1697
DOUG_GILMOUR,20022003,179.9,961,1938
DANNY_DEKEYSER,20132014,171,961.5,1969
FREDRIK_OLAUSSON,20022003,140,961.5,1986.1
DAVID_LIFFITON,20102011,125,962.5,2010
DUSTIN_JEFFREY,20132014,192,963,1932.2
RYAN_O'REILLY,20132014,333,963.5,1746.1
KIM_JOHNSSON,20092010,419,964,1650
KRYS_KOLANOS,20112012,183,964,1954.1
ALEXEI_YASHIN,20062007,325,965,1780
TOMAS_POPPERLE,20062007,118.9,965,2034
SHAWN_MATTHIAS,20132014,303,965.5,1800.1
IVAN_CIERNIK,20032004,175,966,1954.1
MASON_RAYMOND,20132014,366,967,1709
RENE_BOURQUE,20132014,402,968,1659
MARK_PARRISH,20102011,348.9,968,1718
SHEAN_DONOVAN,20092010,324,970,1753
DMITRY_KULIKOV,20132014,342,971,1756.1
JEREMY_MORIN,20132014,137,971,1994
MICHAEL_FROLIK,20132014,356,972,1712
ROSTISLAV_OLESZ,20132014,330.9,972,1766
KYLE_QUINCEY,20132014,372.9,975,1687
GUILLAUME_LATENDRESSE,20122013,327,975,1760
OLLI_MAATTA,20132014,177,975.5,1952.1
PATRICK_MARLEAU,20132014,448,977,1629
RON_FRANCIS,20032004,254,977,1890.1
CRISTOBAL_HUET,20092010,431,978,1632
JEFF_ZATKOFF,20132014,171,978,1970.1
DAN_FRITSCHE,20082009,271.9,979,1810
BRANDON_PRUST,20132014,302,979.5,1808.1
ROBERT_ESCHE,20062007,349,980.5,1763.1
BLAKE_GEOFFRION,20112012,177,981,1970.1
CHAD_JOHNSON,20132014,186,982,1957
BRAD_TAPPER,20022003,158,983,2014.1
CARSON_MCMILLAN,20112012,137.9,983,2026.1
MARTY_HAVLAT,20132014,131.9,983,2031.1
CAL_CLUTTERBUCK,20132014,331.9,983.5,1772.1
EVGENI_NABOKOV,20132014,456,984,1621
JAMES_PATRICK,20032004,240,984,1883
NICK_BONINO,20132014,247.9,985,1888.1
COLBY_ROBAK,20122013,161,985.5,2000
CHRIS_DURNO,20092010,166,985.5,2018
RYAN_MURRAY,20132014,208,986,1960
MARTY_TURCO,20112012,462,987,1621.1
RADEK_DVORAK,20132014,432,987,1665
NIKLAS_SUNDSTROM,20052006,250.9,987,1868
CLAY_WILSON,20112012,167.9,988,1987
REID_BOUCHER,20132014,131,988.5,2010
MATT_FRASER,20132014,140,989,2012.1
ARTURS_IRBE,20032004,254,990,1899
DOUGIE_HAMILTON,20132014,211,990,1930.1
KYLE_OKPOSO,20132014,366,990.5,1738
KURTIS_FOSTER,20122013,367,991,1739
PETER_HOLLAND,20132014,197,991,1967
FRAZER_MCLAREN,20132014,169,991,1998
MIKE_FISHER,20132014,461,992,1634
ALEX_STALOCK,20132014,166,993,1984
TOM_KOIVISTO,20022003,131,993,2025
ERIK_JOHNSON,20132014,416,995.5,1725.1
STEVE_YZERMAN,20052006,284.9,998,1848
DANNY_MARKOV,20062007,335,999,1770
BRADEN_HOLTBY,20132014,319,999,1806.1
ANDY_CHIODO,20032004,181,1000,2019
PETER_SARNO,20052006,133,1000,2050
LASSE_KUKKONEN,20082009,290.9,1001,1865
CALLE_JOHANSSON,20032004,228,1001,1932.1
GABRIEL_BOURQUE,20132014,254,1003,1909
RYAN_KRAFT,20022003,130.9,1005,2059.1
LEE_SWEATT,20102011,137,1005.5,2049
JOE_SAKIC,20082009,392,1006,1731.1
DAVID_SAVARD,20132014,204,1006,1964
PETR_MRAZEK,20132014,160,1006,2012
JOHN_CARLSON,20132014,364,1006.5,1773
DARRYL_BOYCE,20112012,208.9,1007,1947.1
ROB_DIMAIO,20052006,240,1008,1901
DWIGHT_KING,20132014,263,1008.5,1899.1
MATT_NISKANEN,20132014,423,1009,1697
CHRIS_CAMPOLI,20112012,395.9,1009,1716
VALERI_NICHUSHKIN,20132014,183,1009,2017
DANIEL_WINNIK,20132014,361,1010,1754
JAKE_ALLEN,20122013,200,1010,1977
ERIK_HAULA,20132014,141.9,1011.5,2047.1
TRAVIS_ROCHE,20062007,210,1012,1981
DAVID_MOSS,20132014,378,1013,1773
HENRIK_KARLSSON,20112012,236.9,1014,1922
JAMIE_HEWARD,20082009,284,1014.5,1876
JAMES_WYMAN,20122013,180,1014.5,1995
CHAD_RUHWEDEL,20132014,162,1015,2053
HAROLD_DRUKEN,20032004,155,1015,2053
CASEY_CIZIKAS,20132014,204.9,1017,1945
J.T._BROWN,20132014,170,1017.5,2008
OSCAR_MOLLER,20102011,220,1019,1980.1
ROBERT_SCHNABEL,20032004,155,1020,2042
TURNER_STEVENSON,20052006,216.9,1021,1965
NIKOLAI_KULEMIN,20132014,386,1021.5,1778
RYAN_SPOONER,20132014,149,1022,2056
MIKAEL_BACKLUND,20132014,304.9,1023,1872
JAN_LASAK,20022003,153,1023,2043
BEN_EAGER,20132014,340.9,1024,1834.2
ADAM_DEADMARSH,20022003,156.9,1024.5,2055
ANDY_MCDONALD,20122013,461.9,1026,1703
TYSON_BARRIE,20132014,246,1028,1940.1
NOLAN_YONKMAN,20132014,219,1028,1989.1
ZACH_HAMILL,20112012,162.9,1028,2023
ILYA_BRYZGALOV,20132014,525,1029,1630
DAN_HAMHUIS,20132014,506.9,1029,1647
NIKLAS_HJALMARSSON,20132014,402,1030,1753.1
STEFAN_ELLIOTT,20122013,228,1030.5,1949
BRYAN_SMOLINSKI,20072008,402,1032,1785
JORDAN_NOLAN,20132014,200,1032,1989
LARS_ELLER,20132014,310,1033,1864
BRANDON_SEGAL,20112012,225,1034,1970
CAM_TALBOT,20132014,201.9,1034,2010.1
JEAN-SEBASTIEN_GIGUERE,20132014,514.9,1034.5,1620.1
SHELDON_BROOKBANK,20132014,342,1034.5,1820
MARTIN_MARINCIN,20132014,165,1034.5,2055
TOM_GILBERT,20132014,465,1036,1692
RYAN_STONE,20092010,186,1036.5,2023
ALLEN_YORK,20112012,183,1038,2009
PAUL_MARTIN,20132014,462,1040,1695
KRONWALL_KRONVALL,20072008,362,1040,1824.1
STEVE_DUBINSKY,20022003,170,1040.5,2054.1
STEFAN_RUZICKA,20072008,207,1041,2008
PEKKA_RINNE,20132014,434,1043,1729.1
ANDREAS_JOHANSSON,20032004,249,1043,1952
SCOTT_PARKER,20062007,170,1044.5,2033
TODD_GILL,20022003,163.9,1045.5,2077
ADRIAN_AUCOIN,20122013,505,1046,1655
SEMYON_VARLAMOV,20132014,446,1047,1739
SCOTT_NIEDERMAYER,20092010,462,1047.5,1716.1
VLADIMIR_ZHARKOV,20112012,198,1048,2004.1
JASON_BOTTERILL,20032004,171,1048,2040.1
RICHARD_BRENNAN,20022003,168,1048,2062
BARRET_JACKMAN,20132014,505,1049,1671
ANDREI_LOKTIONOV,20132014,255,1049,1949.2
PAVEL_VOROBIEV,20052006,223.9,1052,2021
NICK_PALMIERI,20112012,238,1052.5,1974
PETR_KALUS,20062007,175,1053.5,2065
MIKE_BRODEUR,20102011,182,1054,2044
KRIS_LETANG,20132014,474.9,1055.5,1727
BATES_BATTAGLIA,20062007,344.9,1056,1885
AL_MACINNIS,20032004,265.9,1057,1941.1
CEDRICK_DESJARDINS,20122013,184,1057,2051
CARL_CORAZZINI,20062007,172,1057,2045
JAMIE_LANGENBRUNNER,20122013,444,1057.5,1736
TOMAS_KANA,20092010,159,1057.5,2095
CORY_CROSS,20052006,324,1058,1871
ROMAN_HORAK,20132014,231.9,1060,2020
COLTON_SISSONS,20132014,166,1060.5,2098
TOMAS_SUROVY,20052006,290,1061.5,1947
ERIC_SELLECK,20122013,154,1061.5,2081
CHRIS_HIGGINS,20132014,474,1062,1746
JACOB_TROUBA,20132014,231.9,1062,2002
DMITRY_ORLOV,20132014,266,1062.5,1961
DAVID_GOVE,20052006,174,1062.5,2073.1
SERGEI_BOBROVSKY,20132014,397,1063,1800
JAMIE_MCBAIN,20132014,366,1064,1831
ANDY_ROACH,20052006,171,1064,2066
ROSTISLAV_KLESLA,20132014,487,1065,1705
JEFF_FRAZEE,20122013,154,1066.5,2095
MARTIN_PRUSEK,20052006,292.9,1067,1938
JIM_FAHEY,20062007,227,1067,2030
MIKKO_KOSKINEN,20102011,190,1067,2054
BOBBY_ALLEN,20072008,187,1067,2053
ANDREJ_SUSTR,20132014,206,1067.5,2068.1
PAUL_BISSONNETTE,20132014,257,1068,1986
JARRED_TINORDI,20132014,201,1068,2063.1
CURTIS_SANFORD,20112012,414.9,1069,1782
SCOTT_BARNEY,20052006,182,1069,2068
MARC-ANDRE_BOURDON,20112012,233,1069.5,2035
TOMAS_FLEISCHMANN,20132014,469,1072,1750
MATT_NIETO,20132014,183.9,1073,2065.2
SCOTT_CLEMMENSEN,20132014,433,1074.5,1772.1
TOMAS_JURCO,20132014,173,1074.5,2077
TUOMO_RUUTU,20132014,485,1075,1736
CODY_EAKIN,20132014,285,1075,1956
ANTOINE_ROUSSEL,20132014,239,1075,2005
JOHN_CURRY,20092010,204,1076,2064.1
MARCEL_GOC,20132014,435,1077,1792
CURTIS_BROWN,20072008,359,1077,1898
HAMPUS_LINDHOLM,20132014,209,1077,2045
MILAN_BARTOVIC,20052006,223,1078,2031
NICK_HOLDEN,20132014,219.9,1078,2035.1
PAUL_BYRON,20132014,224.9,1080,2025
JOHAN_HOLMQVIST,20072008,313,1081,1923
DAVID_ULLSTROM,20122013,229,1081,2025.1
ILKKA_HEIKKINEN,20092010,172,1081,2087
KYLE_TURRIS,20132014,375,1082,1854
MATTHEW_YEATS,20032004,196,1083.5,2083
VESA_TOSKALA,20092010,463,1084,1773
PAUL_GAUSTAD,20132014,464,1084,1774
RYAN_POTULNY,20102011,285.9,1084,1965.1
ULF_DAHLEN,20022003,237,1084,2017
NOLAN_SCHAEFER,20052006,168.9,1084,2088.1
MATT_STAJAN,20132014,495,1085,1739
SHJON_PODEIN,20022003,206,1085,2059.1
JASON_AKESON,20122013,163,1085,2099
VICTOR_HEDMAN,20132014,443,1086,1796
DARREN_ARCHIBALD,20132014,171,1086,2084.1
SEAN_BERGENHEIM,20132014,425,1087,1808
DWAYNE_ZINGER,20032004,173.9,1087,2083
VITALI_YACHMENEV,20022003,229,1087.5,2033
MIKE_CAMMALLERI,20132014,501,1088,1716
ALEX_KILLORN,20132014,288,1088,1983.1
MIKHAIL_GRIGORENKO,20132014,204.9,1088,2071
TED_DONATO,20032004,217.9,1089,2042
ALEXEY_MARCHENKO,20132014,169.9,1089.5,2106
RYAN_JOHANSEN,20132014,300,1090,1941.1
SERGEI_BEREZIN,20022003,260,1090,1995
JOAKIM_NORDSTROM,20132014,178,1091,2093.1
JASON_KROG,20082009,268,1091.5,1957.1
JORDIN_TOOTOO,20132014,409,1092,1832
JORDAN_LAVALLEE-SMOTHERMAN,20082009,191,1092,2112
RICHARD_PARK,20112012,461.9,1093,1776.1
DARREN_HELM,20132014,385,1093,1871
DAVID_CLARKSON,20132014,441,1094,1816
JUSTIN_MERCIER,20092010,177,1094,2086
CHRIS_HOLT,20082009,164,1094,2082
ARTEM_ANISIMOV,20132014,391,1095,1847.1
WADE_BROOKBANK,20082009,227,1095,2042.1
AKIM_ALIU,20122013,179,1095,2097
BRIAN_SALCIDO,20082009,166,1095,2097
STEVE_MONTADOR,20112012,481,1097,1776
KRIS_RUSSELL,20132014,440.9,1097,1802
DERRICK_WALSER,20062007,287.9,1098,1974.1
EVGENY_DADONOV,20112012,232,1098,2024
JASON_JAFFRAY,20112012,216,1098,2100
OLLI_MALMIVAARA,20072008,173,1098,2111.1
FRED_BRATHWAITE,20032004,324,1098.5,1947
JEAN_LABBE,20022003,211,1098.5,2061
EVAN_OBERG,20112012,164,1098.5,2077
JEAN-PHILIPPE_COTE,20132014,191,1099.5,2102
MATTIAS_WEINHANDL,20062007,300.9,1100,1980
STEVE_RUCCHIN,20062007,378,1100.5,1882
ERIC_GRYBA,20132014,257,1100.5,2019.1
TODD_BERTUZZI,20132014,535,1102,1738
KEITH_PRIMEAU,20052006,319.9,1102,1940
COREY_SCHWAB,20032004,218.9,1102,2067
KENT_HUSKINS,20122013,416,1103,1850
KEVIN_QUICK,20082009,192,1104,2101
ALEXEI_ZHAMNOV,20052006,347,1105,1931.1
BRETT_FESTERLING,20112012,262,1105,2011
JAKUB_PETRUZALEK,20082009,167,1105,2134
JEREMY_DUCHESNE,20092010,195,1106,2094
BRETT_LEBDA,20112012,441,1107,1836
MATT_BRADLEY,20112012,423,1107,1838
BRIAN_EKLUND,20052006,185,1107.5,2115.1
BRETT_BULMER,20112012,191,1108,2092
DOUG_DOULL,20052006,196,1108,2120.1
SHANE_O'BRIEN,20132014,487,1108.5,1777
CORY_SARICH,20132014,473,1109,1758
JAKE_DOWELL,20112012,290,1109,1991
COLE_JARRETT,20052006,187,1109,2125
ANDREW_DESJARDINS,20132014,299,1110,1996
MIKE_GLUMAC,20072008,218.9,1110,2059.1
CHRIS_PORTER,20132014,271,1111,2014
JOZEF_BALEJ,20052006,199,1111,2088
PETER_OLVECKY,20082009,214,1111.5,2089.1
MATT_TAORMINA,20132014,238,1112,2020
IVAN_BARANKA,20072008,189,1112.5,2133
ANDERS_ERIKSSON,20092010,393,1113,1865
TONY_SALMELAINEN,20062007,238,1113,2058
CHRIS_CONNER,20132014,332.9,1114,1959
RYAN_BAYDA,20082009,308,1114,1961.1
TEPPO_NUMMINEN,20082009,460,1115,1809
GRANT_MARSHALL,20052006,307,1115,1984.1
DAVID_LENEVEU,20102011,280,1115,2027
SETH_JONES,20132014,243,1115,2029.1
MATT_KASSIAN,20132014,209,1116,2098.1
RICK_DIPIETRO,20122013,516,1118,1764
ERIK_KARLSSON,20132014,457,1118,1832
JOSH_OLSON,20032004,181,1118,2096.1
MATT_PELECH,20132014,205.9,1119,2104.1
THOMAS_PIHLMAN,20052006,211.9,1120.5,2115
DWAYNE_ROLOSON,20112012,608,1121,1671.1
SHAWN_LALONDE,20122013,195.9,1121,2132.1
MARTIN_HANZAL,20132014,436,1121.5,1849
JONATHAN_GIRARD,20022003,303,1123,2029
CORY_MURPHY,20092010,298,1123.5,1988
DAVID_LALIBERTE,20092010,189,1123.5,2121
PASI_NURMINEN,20032004,366.9,1124,1921.1
GARRETT_BURNETT,20032004,209,1126,2104
MAX_REINHART,20132014,199.9,1126,2119
DAN_SEXTON,20102011,281.9,1127,2031
TIM_ERIXON,20132014,265,1127,2044
PETER_MANNINO,20112012,208,1127,2093.1
KEVIN_MILLER,20032004,186.9,1127,2122.1
MARK_FRASER,20132014,352.9,1128,1961
PHIL_HOUSLEY,20022003,259,1128.5,2035
DAMIAN_SURMA,20032004,214,1129,2101
KARI_HAAKANA,20022003,185,1129,2131.1
KARL_STOLLERY,20132014,201,1129.5,2120
KONSTANTIN_PUSHKARYOV,20062007,195.9,1129.5,2128
MICHAEL_PECA,20082009,460,1130,1819
MARTIN_STRAKA,20072008,433,1130,1855.1
ALAIN_NASREDDINE,20072008,274.9,1130,2054
JOEY_CRABB,20122013,338,1130.5,1948
WADE_REDDEN,20132014,528,1131,1757
RADKO_GUDAS,20132014,296,1131,2035.1
KYLE_WILSON,20112012,239,1131,2063
JACK_HILLEN,20132014,433.9,1132,1882
JONAS_NORDQVIST,20062007,187.9,1132,2116
REM_MURRAY,20052006,329,1132.5,1987
BRAD_FAST,20032004,212,1133,2118
OLIVER_LAURIDSEN,20122013,216,1134,2089
CARTER_CAMPER,20112012,196,1134,2123
MATT_ELLIS,20132014,329,1134.5,1982.1
MARK_GREIG,20022003,194.9,1135,2114
BRANDON_BOLLIG,20132014,255.9,1136,2045
JOHN_TRIPP,20032004,224.9,1136,2112.1
ZACH_BOYCHUK,20132014,300,1137,2040.1
SVEN_BAERTSCHI,20132014,246,1137,2066.1
JOE_COLBORNE,20132014,240.9,1138,2073
MARC-ANDRE_FLEURY,20132014,581,1139.5,1707
ROB_COLLINS,20052006,192.9,1139.5,2104
MAGNUS_PAAJARVI,20132014,373,1140,1966.1
JUSTIN_FLOREK,20132014,205,1140,2134.1
ANDRE_SAVAGE,20022003,200,1140,2138
MATT_ANDERSON,20122013,206,1140.5,2116
RAY_MACIAS,20102011,212.9,1141,2127.1
MIKE_WILSON,20022003,202.9,1141,2125
MIKE_RICHTER,20022003,220,1142,2107
SAMI_AITTOKALLIO,20132014,220,1142,2118
ALEXEI_KAIGORODOV,20062007,209,1142,2146
BRANDON_REID,20062007,217.9,1142.5,2110
JONATHAN_RHEAULT,20122013,221,1142.5,2120
DAN_SMITH,20052006,216,1143,2119
IAN_MACNEIL,20022003,197,1143,2158
SEAN_O'DONNELL,20112012,556,1144,1770
ANDRE_ROY,20082009,299.9,1144,2028
DON_MACLEAN,20062007,236,1145,2111.1
PETTERI_WIRTANEN,20072008,204.9,1145.5,2129
NICHOLAS_DIMITRAKOS,20062007,311,1146,2033
ALES_KOTALIK,20102011,517,1147,1802
TOMAS_MOJZIS,20082009,208,1147,2117
TAYLOR_FEDUN,20132014,219.9,1147.5,2108
TRAVIS_MORIN,20132014,213,1147.5,2123
CHRISTOPH_SCHUBERT,20092010,434,1148,1912.1
AARON_PALUSHAJ,20132014,259,1148,2052
CONNOR_MURPHY,20132014,246.9,1148,2090
BEN_STREET,20132014,212.9,1148,2112
JOE_JENSEN,20072008,198,1148,2114
CARL_SNEEP,20112012,205,1148,2134
SHAWN_HORCOFF,20132014,563,1149,1770
DAN_SNYDER,20022003,242.9,1149,2086
AARON_GAVEY,20022003,204,1149,2137
ZEMGUS_GIRGENSONS,20132014,243.9,1150,2096.1
JULIEN_VAUCLAIR,20032004,204,1151,2128.1
KEITH_KINKAID,20122013,200.9,1151,2134
ALEXANDER_VASYUNOV,20102011,228,1151.5,2110
YANNICK_WEBER,20132014,346,1152,2009
GERALD_COLEMAN,20052006,212,1152,2128
STEVENN_HALKO,20022003,204,1152,2139
JARNO_KULTANEN,20022003,190,1152.5,2141.1
MIKE_COMRIE,20102011,517,1153,1822.1
PAUL_RANGER,20132014,425,1153,1896
ROBERT_REICHEL,20032004,361,1153,2003
MARCUS_FOLIGNO,20132014,314.9,1153,2015
BRETT_MACLEAN,20112012,240.9,1153,2106
NATHAN_GUENIN,20132014,299,1154,2054
TYE_MCGINN,20132014,229,1154,2103.1
DERIAN_HATCHER,20072008,493.9,1154.5,1853.1
MATTIAS_TIMANDER,20032004,332,1155,2013.1
CHRIS_DRURY,20102011,536,1155.5,1787.1
VIKTOR_STALBERG,20132014,419.9,1155.5,1915
DAVID_JONES,20132014,454,1156,1897
STEVE_HEINZE,20022003,225,1156,2126
JOSH_HENNESSY,20112012,197.9,1156,2137
CHRIS_SCHMIDT,20022003,221.9,1156.5,2128
TRAVIS_BRIGLEY,20032004,253.9,1157,2095
ERIK_WESTRUM,20062007,227,1157,2115.1
JONAS_ANDERSSON,20102011,211.9,1157,2145
AARON_MACKENZIE,20082009,202,1157,2139
MATHIEU_CARLE,20092010,204.9,1157,2145
JORDIE_BENN,20132014,289.9,1157.5,2058
LUKE_GAZDIC,20132014,219,1158,2098
SHAWN_BELLE,20102011,224,1158.5,2117
BRIAN_FLYNN,20132014,280,1159,2080
RADEK_SMOLENAK,20082009,204,1159,2132
LADISLAV_KOHN,20022003,189,1159,2144
JOAKIM_ANDERSSON,20132014,305,1160,2049.1
ANDREW_EBBETT,20132014,370,1160.5,1948
CHRIS_STEWART,20132014,498,1161,1873
MATT_CALVERT,20132014,340,1161,2000
JUSTIN_PAPINEAU,20032004,264.9,1161.5,2069
JONAS_FROGREN,20082009,257.9,1161.5,2075
DYLAN_REESE,20122013,331,1162,2020
SERGEI_VARLAMOV,20022003,220.9,1162,2116
CHRISTIAN_BERGLUND,20032004,236,1162.5,2119
BEN_HANOWSKI,20122013,215,1162.5,2140
RYAN_REAVES,20132014,283.9,1163,2061
ROB_SKRLAC,20032004,219,1163,2139
DOUG_MURRAY,20062007,249,1164,2088.1
ALEX_PLANTE,20112012,220,1164,2118
PETR_KANKO,20052006,221,1164.5,2135
TODD_WHITE,20102011,526,1165,1826.1
JONAS_HOLOS,20102011,266,1165,2059
KURTIS_MCLEAN,20082009,192.9,1165,2127
BRETT_BELLEMORE,20132014,267.9,1165.5,2106.1
JAMIE_FRITSCH,20082009,226,1165.5,2120
BRAYDON_COBURN,20132014,573.9,1166,1778
NIKITA_ALEXEEV,20062007,275.9,1166,2091.1
ANDREW_MURRAY,20112012,355,1166.5,1995
VACLAV_NEDOROST,20032004,274.9,1167,2074.1
BRIAN_FOSTER,20112012,217,1167,2135
TODD_WARRINER,20022003,244.9,1168.5,2118
KEVIN_HODSON,20022003,207.9,1168.5,2161
PATRICK_TRAVERSE,20022003,306,1169,2074
BJORN_MELIN,20062007,225.9,1169,2149.2
SHAWN_HEINS,20032004,287.9,1169.5,2095
IGOR_RADULOV,20032004,260.9,1170,2103
TYLER_MOSS,20022003,208,1170,2137
SHANE_WILLIS,20032004,231,1171,2155
VICTOR_BARTLEY,20132014,272,1171.5,2053
PATRICK_FISCHER,20062007,238,1171.5,2112
DAN_BYLSMA,20032004,231.9,1171.5,2117
FEDOR_FEDOROV,20052006,220,1171.5,2139
ANDREJ_SEKERA,20132014,502.9,1172,1844
ANSON_CARTER,20062007,451,1172,1925
JEFF_SKINNER,20132014,441,1172,1929
ELIAS_LINDHOLM,20132014,250,1172,2095
PATRICK_THORESEN,20072008,318,1173,2049
ALEXANDER_PECHURSKI,20092010,207.9,1173,2145
TONI_LYDMAN,20122013,608,1174,1769
ROMAN_JOSI,20132014,390.9,1174,1969.1
YANICK_LEHOUX,20062007,228,1174,2154
DRAYSON_BOWMAN,20132014,327,1174.5,2043
TYLER_PITLICK,20132014,228,1174.5,2130
ZACH_REDMOND,20122013,228,1175,2130
STEVE_MASON,20132014,540,1175.5,1812.1
MARK_MESSIER,20032004,367,1175.5,2011.1
MARC_LAMOTHE,20032004,221,1175.5,2146
MAGNUS_ARVEDSON,20032004,340.9,1176,2025
GUILLAUME_LEFEBVRE,20052006,246,1176,2123
DAVID_MCINTYRE,20112012,247,1176,2156
CARTER_HUTTON,20132014,310,1176.5,2059.1
JAMIE_LUNDMARK,20092010,410,1177,1945.1
ALEXANDER_SULZER,20132014,357,1177,2022
RAYMOND_GIROUX,20032004,255.9,1177,2110
MATHEW_DUMBA,20132014,202,1177,2148.1
DAVE_SCATCHARD,20102011,417.9,1178,1937.1
PATRIK_STEFAN,20062007,413.9,1178,1949
MIKE_VAN RYN,20082009,301,1178,2037.1
KAMIL_PIROS,20032004,221,1178.5,2130
MARIUSZ_CZERKAWSKI,20052006,362,1179,2003
PETR_SCHASTLIVY,20032004,280,1179,2078
PAVEL_BURE,20022003,263,1179,2092.1
VLADIMIR_ORSZAGH,20052006,380,1179.5,2004.1
TRENT_WHITFIELD,20092010,309,1179.5,2066
PETER_WHITE,20032004,210,1179.5,2153
DARREL_SCOVILLE,20032004,242,1180,2130
IVAN_VISHNEVSKIY,20092010,227.9,1180,2162
DONALD_AUDETTE,20032004,327.9,1181,2028
BRIAN_GIBBONS,20132014,247.9,1181.5,2119
NATE_PROSSER,20132014,331,1182,2047
SERGEI_ZINOVJEV,20032004,228,1182,2141
CASEY_HANKINSON,20032004,217,1182,2148
RYAN_STANTON,20132014,266,1182.5,2113.1
KARRI_RAMO,20132014,410,1183,1955
WADE_FLAHERTY,20022003,229.9,1183,2147.1
TRAVIS_TURNBULL,20112012,201,1183,2156.1
JOSH_LANGFELD,20062007,292,1184,2093.1
JEFFREY_PENNER,20092010,229,1184,2162
MAXIM_KUZNETSOV,20032004,286.9,1185,2074
MAGNUS_HELLBERG,20132014,225,1185.5,2159.1
TOMAS_MALEC,20052006,241,1186,2123
KELLAN_LAIN,20132014,240,1186.5,2151
JOE_MOTZKO,20082009,264.9,1187,2115
ADAM_ALMQUIST,20132014,225.9,1187,2141
ERIC_O'DELL,20132014,222.9,1188,2129
JARED_AULIN,20022003,230,1188,2157
TRENT_KLATT,20032004,338.9,1188.5,2034
WES_O'NEILL,20092010,233.9,1188.5,2136
LINDEN_VEY,20132014,236.9,1190,2143.1
MIKE_WEAVER,20132014,525,1190.5,1850.1
RASTISLAV_STANA,20032004,271,1191,2130.1
ROB_MCVICAR,20052006,216,1191,2158
TIMOFEI_SHISHKANOV,20052006,256,1191.5,2130
JORDAN_KRESTANOVICH,20032004,235,1191.5,2134.1
CHAD_BILLINS,20132014,240.9,1191.5,2149
COREY_POTTER,20132014,376,1192,2008
KEVIN_HENDERSON,20122013,241.9,1192,2144
CHRISTOPH_BRANDNER,20032004,261,1193,2120
MICHAEL_LATTA,20132014,227,1193.5,2138
ANDY_BERENZWEIG,20022003,231,1193.5,2144
JAKE_MUZZIN,20132014,334,1194,2038
PATRICK_KANE,20132014,561,1195,1831
BEN_GUITE,20092010,371,1195,2031
JOHN_ALBERT,20132014,238,1195,2151
BRAD_MORAN,20062007,226,1195,2143
MIKKO_LUOMA,20032004,225,1195,2150
KEVIN_BIEKSA,20132014,571,1196,1813
JEFF_SCHULTZ,20122013,511,1196,1848.1
RON_HAINSEY,20132014,588,1197,1809.1
GLEN_METROPOLIT,20092010,447,1198,1942.1
JANNE_NISKALA,20082009,239.9,1198,2158
DAVID_WARSOFSKY,20132014,215,1198,2153.1
RADOSLAV_HECL,20022003,226.9,1199,2163
MIKE_LUNDIN,20122013,470,1200,1927
DAVID_BROLL,20132014,236,1200,2160
EVAN_BROPHEY,20112012,216.9,1200,2168.1
DREW_MACINTYRE,20112012,246,1201,2132
RYAN_STROME,20132014,256.9,1201,2156
CHRIS_O'SULLIVAN,20022003,225.9,1201,2137
PHILIPPE_CORNET,20112012,234,1201,2165
AARON_DOWNEY,20082009,302,1201.5,2090
BROCK_NELSON,20132014,287,1201.5,2125.1
ANDREAS_SALOMONSSON,20022003,259,1201.5,2136
ANTTI_MIETTINEN,20122013,525.9,1202,1879
TOMAS_PLIHAL,20082009,292,1202,2107
MIKKO_JOKELA,20022003,229,1202,2157
ZACH_FITZGERALD,20072008,223.9,1202,2156
CHRIS_HAJT,20032004,223,1202,2164
CHRIS_GRATTON,20082009,488,1202.5,1919.1
ADAM_LARSSON,20132014,370,1202.5,2014.1
STANISLAV_CHISTOV,20062007,374,1203,2017
PAT_KAVANAGH,20052006,229,1203,2148.1
BRAD_DEFAUW,20022003,227.9,1203,2149
CHAY_GENOWAY,20112012,230,1203,2152
DARREN_MCCARTY,20082009,400,1203.5,2006
ERIK_ERSBERG,20092010,395,1203.5,2006.1
IGOR_ULANOV,20052006,375.9,1203.5,2038
JOHAN_HEDBERG,20122013,610,1204,1797.1
CHAD_RAU,20112012,246.9,1204,2157
JOHAN_BACKLUND,20092010,227,1204.5,2154.1
JAN_HEJDA,20132014,581.9,1205,1830.1
MATT_TENNYSON,20122013,241.9,1207,2152.1
GRANT_LEWIS,20082009,238,1207,2173.1
SCOTT_LAUGHTON,20122013,224,1207,2169
BRAYDEN_MCNABB,20132014,277,1207.5,2115.1
PAUL_MANNING,20022003,252,1208,2133.1
TYLER_MYERS,20132014,505,1209,1908
RICHARD_SMEHLIK,20022003,304,1209,2102
FEDOR_TYUTIN,20132014,613,1210,1815
CHRIS_ARMSTRONG,20032004,221,1210,2150
MIKE_WATT,20022003,238,1210.5,2179
MICHAL_SIVEK,20022003,275,1211,2140
DANE_BYERS,20112012,234,1211,2145
MICHAL_REPIK,20112012,306,1211.5,2098
ED_JOVANOVSKI,20132014,605,1212,1816
CHRISTOPHER_BREEN,20132014,247,1213,2148
CHAD_WISEMAN,20052006,252,1213,2157
ZENITH_KOMARNISKI,20032004,233,1213,2167
ROB_BLAKE,20092010,594,1214,1838
ANTHONY_STEWART,20112012,409.9,1214,1995
MARTIN_LOJEK,20072008,256.8,1214,2153
JAMIE_WRIGHT,20022003,254,1214,2154
ANDY_MIELE,20132014,245,1214,2155
STEVE_KONOWALCHUK,20052006,418,1215,2002.1
MICHAEL_RAFFL,20132014,286.9,1215,2123
STEPHEN_GIONTA,20132014,336,1215.5,2084
BENOIT_DUSABLON,20032004,243,1216,2174
MATT_HERR,20022003,234,1216,2172
TYSON_NASH,20052006,349,1218,2070.1
JOONAS_RASK,20122013,249.9,1218,2160
LANE_MACDERMID,20132014,265,1218.5,2161.1
CORY_LAROSE,20032004,248.9,1218.5,2163.1
BROOKS_LAICH,20132014,568,1219,1841
CASEY_WELLMAN,20132014,289,1219,2099
KEITH_BALLARD,20132014,589,1220,1835.1
CODY_CECI,20132014,270,1220.5,2147
GEOFF_SANDERSON,20072008,485,1221,1932
TROY_BROUWER,20132014,533,1222,1888
RADOVAN_SOMIK,20032004,326,1222,2066
MIKE_CARD,20062007,240,1222,2168
MATT_ZABA,20092010,227,1222,2170
JONATHAN_HUBERDEAU,20132014,350,1222.5,2080
GRANT_STEVENSON,20052006,259,1222.5,2127
JUSSI_MARKKANEN,20062007,496,1223,1926.1
CHRISTIAN_HANSON,20092010,279.9,1224.5,2106
BEN_WALTER,20082009,269,1225,2154
TRISTON_GRANT,20092010,251,1225,2173
RYAN_READY,20052006,256.9,1225,2185.1
GARRETT_STAFFORD,20102011,228.9,1225,2165.1
STEVE_KELLY,20022003,264,1226,2168.1
GREG_PATERYN,20122013,245,1226,2176
JONATHAN_ERICSSON,20132014,519,1227,1906
PATRICK_LEAHY,20052006,281,1227,2156
BRACKEN_KEARNS,20132014,256,1227,2173
TAYLOR_PYATT,20132014,596,1228,1846
ERIC_MANLOW,20032004,290,1228,2155
KEN_GERNANDER,20032004,253,1228,2172
JOHN_SLANEY,20032004,252,1228,2175
D.J._SMITH,20022003,243,1228,2175
JASON_MACDONALD,20032004,247.9,1229,2172.1
RICHARD_BACHMAN,20132014,371.9,1230,2059
ALEKSANDER_BARKOV,20132014,301.9,1230,2131.1
STEVE_GAINEY,20052006,272,1230,2153.1
DIXON_WARD,20022003,266,1230,2174
DENNIS_BONVIE,20022003,237.9,1230,2174
MARCUS_KRUGER,20132014,411.9,1231.5,2011
MATT_KOALSKA,20052006,263,1232,2179
TOM_BARRASSO,20022003,256.9,1232,2175
STEFAN_MEYER,20102011,262,1233,2152
MICHAEL_WALL,20062007,253.9,1233,2149.1
BRIAN_FAHEY,20102011,259,1233,2175.1
KIRBY_LAW,20032004,230,1233,2176
ANDRE_BENOIT,20132014,385.9,1234,2052.1
DAN_JANCEVSKI,20082009,256,1234,2180.1
JUSTIN_FAULK,20132014,430,1235,1990
KRIS_NEWBURY,20132014,303,1235,2143
PHIL_ORESKOVIC,20082009,266.8,1235,2172
GABE_GAUTHIER,20062007,260,1235,2178
ERIAH_HAYES,20132014,252,1235,2182.1
ANDRE_DEVEAUX,20112012,266,1236,2147
ALEXANDER_BROOKS,20062007,263,1236,2178
ALEXANDER_KHAVANOV,20052006,446,1236.5,2003.1
MAXWELL_REINHART,20122013,276,1236.5,2156.1
ROB_VALICEVIC,20032004,252,1236.5,2167
JEFF_FRIESEN,20062007,411,1237,2001
JANNE_LAUKKANEN,20022003,287.9,1237,2133
CHRIS_BECKFORD-TSEU,20072008,247,1237,2172
MIKAEL_RENBERG,20032004,384,1237.5,2055
JASON_JASPERS,20032004,259.9,1237.5,2176
BENOIT_GRATTON,20032004,258,1237.5,2182
BLAKE_COMEAU,20132014,516,1238,1917
MARK_HARTIGAN,20072008,344,1238,2087.1
CORY_EMMERTON,20132014,356,1238,2102
NICKLAS_JENSEN,20122013,262.9,1238,2187.1
MICHAEL_CHAPUT,20132014,246.9,1238,2174
MARTIN_SONNENBERG,20032004,239.9,1238,2190.1
MARK_STONE,20132014,249,1238.5,2155
OLEG_PETROV,20022003,328.9,1239,2096
ARIS_BRIMANIS,20032004,266,1239,2162
MARK_CUNDARI,20122013,252.9,1239,2171
RHETT_RAKHSHANI,20112012,252,1239.5,2178.1
STEFAN_MATTEAU,20122013,264,1239.5,2191
GEORGE_PARROS,20132014,394,1240,2055
TOMMY_ALBELIN,20052006,337,1240,2115
JOEY_TETARENKO,20022003,246,1241,2179
SHELDON_KEEFE,20022003,251,1241.5,2166.1
RYAN_VANDENBUSSCHE,20052006,299.9,1242,2149
PER_LEDIN,20082009,275,1242,2176
NIKITA_ZADOROV,20132014,272.9,1242,2180.1
MARIO_BLIZNAK,20102011,251.9,1242,2180.1
GRAHAM_MINK,20032004,244,1242,2189
DREW_MILLER,20132014,494,1242.5,1971
KIRILL_SAFRONOV,20022003,301.9,1243,2142
MICHAEL_BOURNIVAL,20132014,289,1243,2149
YUTAKA_FUKUFUJI,20062007,259,1243.5,2183
JEREMY_STEVENSON,20052006,351,1244,2084
KEVIN_CONNAUTON,20132014,273.9,1244,2151
MICHAEL_CARUSO,20122013,279,1244,2187
HUGH_JESSIMAN,20102011,262,1244,2191
RADEK_MARTINEK,20132014,586,1245,1886
RICHIE_REGEHR,20062007,276.9,1245,2167
COREY_HIRSCH,20022003,278,1245,2186
DEVANTE_SMITH-PELLY,20132014,321,1245.5,2113
LUKAS_KASPAR,20082009,268.9,1245.5,2181.1
TAYLOR_BECK,20132014,284,1246,2143
JAYSON_MEGNA,20132014,268.9,1246,2175
ILJA_ZUBOV,20082009,270.9,1246,2184
RYAN_KELLER,20092010,253.9,1246,2183
PAVEL_BRENDL,20052006,316,1247,2122
JULIAN_MELCHIORI,20132014,256,1247,2179.1
BOB_BOUGHNER,20052006,386.9,1247.5,2055
GARRET_STROSHEIN,20032004,262,1248,2168
LAYNE_ULMER,20032004,273,1248,2182
JONAS_HOGLUND,20022003,335.9,1248.5,2100
TONI_DAHLMAN,20022003,257,1249,2168
BOBBY_BUTLER,20122013,407,1249.5,2057
DARREN_RUMBLE,20032004,301,1250,2174.1
STEVE_REGIER,20082009,301,1250,2176
ANDREJ_PODKONICKY,20032004,259,1250,2182.1
RYAN_FLINN,20022003,253,1250,2183
MARTIN_HOULE,20062007,254.9,1250,2188
RYAN_O'MARRA,20112012,288,1251,2152.1
OWEN_FUSSEY,20032004,261.9,1251,2177
CARL_KLINGBERG,20112012,250,1251.5,2179
TOM_POTI,20122013,626.9,1252,1841
T.J._GALIARDI,20132014,502,1252,1983
MILAN_KRAFT,20032004,371,1252,2086
MATT_ELLISON,20052006,311,1252,2135
JAMIE_DEVANE,20132014,265,1252,2184.1
PIERRE_HEDIN,20032004,264,1252,2186
LOUIS_ROBITAILLE,20052006,259.9,1252,2193
NOAH_CLARKE,20072008,279,1252.5,2171
KENT_SIMPSON,20132014,251,1252.5,2188
TYLER_ECKFORD,20102011,262.9,1253,2179
TYLER_BOZAK,20132014,487,1254,1966
KEVIN_WESTGARTH,20132014,331,1254,2119
DANNY_IRMEN,20092010,256,1254.5,2180
DUSTIN_BYFUGLIEN,20132014,622.9,1255,1884
MAXIME_TALBOT,20132014,611,1255,1891
BRAD_ISBISTER,20072008,457,1255,2020
JAROSLAV_BEDNAR,20032004,330,1255,2122
CONOR_ALLEN,20132014,265,1255,2192.1
SHAUN_HESHKA,20092010,284,1255.5,2183
GREG_NEMISZ,20112012,274.9,1256,2168.1
COLIN_HEMINGWAY,20052006,249,1256,2207
NATHAN_PAETSCH,20092010,446,1256.5,2022.2
THEOREN_FLEURY,20022003,337,1258,2112
PETR_BUZEK,20022003,307.9,1258,2157
UWE_KRUPP,20022003,241,1258.5,2163
BRIAN_SWANSON,20022003,295.9,1259,2163
DENIS_PEDERSON,20022003,283.9,1259,2160
NATHAN_ROBINSON,20032004,260,1259,2193.1
EDDIE_LACK,20132014,315.9,1259.5,2138.1
MATT_WATKINS,20112012,280.9,1260,2180
JOHAN_MOTIN,20092010,263,1260,2184.1
SEBASTIEN_BISAILLON,20062007,270,1260,2196
DYLAN_MCILRATH,20132014,259,1260,2205.1
ROB_ZAMUNER,20032004,366,1261,2107
GREG_JACINA,20062007,285.9,1261,2193
TONY_MARTENSSON,20032004,261,1261,2181
JONATHAN_AUDY-MARCHESSAULT,20122013,255,1261,2199.1
LYNN_LOYNS,20032004,269,1261.5,2171
RICH_CLUNE,20132014,310.9,1262,2112
ROBERT_BORTUZZO,20132014,332,1262,2135.1
JEREMY_YABLONSKI,20032004,256,1262,2193
JEREMY_WILLIAMS,20082009,293,1262.5,2157
JASON_MORGAN,20062007,283.8,1262.5,2170
FREDRIK_NORRENA,20082009,481,1263,2009
STEVEN_KAMPFER,20112012,379.9,1263,2102
VINCENT_DAMPHOUSSE,20032004,344,1263,2099.1
JEREMY_WELSH,20132014,278,1263,2190
DANIEL_BANG,20122013,280,1263.5,2182
MIKE_ANGELIDIS,20122013,283.9,1264,2179.1
PRESTIN_RYAN,20052006,272,1264,2197
JEFF_FARKAS,20022003,276,1264.5,2186
KEVIN_DINEEN,20022003,258,1264.5,2194
RIKU_HAHL,20032004,302,1265,2148
GABRIEL_DUMONT,20122013,265,1265,2180.1
BILL_SWEATT,20122013,274,1265,2191.1
ALEXANDER_SALAK,20092010,266,1265,2189
JUSTIN_DIBENEDETTO,20102011,275,1265.5,2181
MATTHEW_LOMBARDI,20122013,593,1266,1899
ERIC_GELINAS,20132014,304,1266,2155.1
MIKE_BISHAI,20032004,298,1266,2179
MAXIM_NOREAU,20102011,276,1266,2172
DAVID_BRINE,20072008,277.9,1266,2179
BRENT_KRAHN,20082009,258.9,1266,2177.1
JON_DISALVATORE,20052006,275.9,1266,2194.1
PAVEL_ROSA,20022003,261,1266,2198
JANIS_SPRUKTS,20062007,267,1266.5,2209.1
DANIEL_CLEARY,20132014,644.9,1267,1865.1
CHRIS_THORBURN,20132014,499.9,1267,1977
FABIAN_BRUNNSTROM,20112012,375,1267,2094
JIRI_BICEK,20032004,293,1267,2173
HARRI_PESONEN,20122013,254.9,1267,2181
PATRICK_KALETA,20132014,439.9,1268,2026
KEVIN_SAWYER,20022003,287,1268.5,2167.1
JASON_RYZNAR,20052006,282,1268.5,2195
ROMAN_TUREK,20032004,416.9,1269,2067
TOMMY_WESTLUND,20022003,279.9,1269,2185
COREY_TROPP,20132014,337,1270,2135
PETER_SEJNA,20062007,325,1270,2161.1
DWIGHT_HELMINEN,20092010,310,1270,2161.1
MIROSLAV_ZALESAK,20022003,284,1270,2190
TANNER_PEARSON,20132014,276.9,1270,2195
JAMIE_DOORNBOSCH,20102011,272,1270,2194
GORAN_BEZINA,20032004,268,1271.5,2195.1
ZBYNEK_MICHALEK,20132014,648,1272,1854
TOM_CAVANAGH,20082009,272.9,1272,2178.1
CAM_SEVERSON,20032004,278.9,1272,2197
JUSTIN_BRAUN,20132014,456.9,1273,2030.1
DAVE_DZIURZYNSKI,20122013,284,1273,2177
CODY_MCCORMICK,20132014,468.8,1273.5,2018
STEVEN_HALKO,20022003,267.9,1273.5,2186.1
FILIP_NOVAK,20062007,285,1274.5,2158
GREG_MOORE,20072008,268.9,1274.5,2186
AARON_GAGNON,20122013,320.9,1275,2157.1
COREY_LOCKE,20102011,296.8,1275,2195
RAYMOND_SAWADA,20102011,275,1275,2179
BRENDON_NASH,20102011,289.8,1275.5,2202
JAROSLAV_KRISTEK,20022003,266,1275.5,2200
LEO_KOMAROV,20122013,318.9,1276,2148
BOYD_KANE,20092010,297,1276,2188
MIKE_MOORE,20102011,271.9,1276,2200.1
KEVIN_DOELL,20072008,262.9,1276,2199
FRANTISEK_KABERLE,20082009,564,1276.5,1938
PIERRE-CEDRIC_LABRIE,20132014,299,1276.5,2164
MIKKO_LEHTONEN,20092010,322,1277,2173
MIKAEL_GRANLUND,20132014,363,1278,2114.1
BEN_HOLMSTROM,20112012,283,1278,2190
BROCK_TROTTER,20092010,270,1278,2196
BARRY_BRUST,20062007,303.9,1278.5,2174
VIKTOR_TIKHONOV,20082009,344.9,1279,2142
JANI_RITA,20052006,340.9,1279,2143
IIRO_TARKKI,20112012,277.9,1279.5,2190.1
MIKHAIL_KULESHOV,20032004,275,1279.5,2198.1
GEOFF_KINRADE,20082009,266,1280,2206
TRAVIS_GREEN,20062007,467.9,1280.5,2045
BRAD_LEEB,20032004,268,1281,2186
OSKAR_OSALA,20082009,281.9,1281.5,2196.1
JAN_MURSAK,20112012,317,1282,2184
TIM_RAMHOLT,20072008,267.9,1282,2193.1
CARSEN_GERMYN,20052006,257,1282,2197
MAREK_SCHWARZ,20072008,273,1282.5,2181
TREVOR_DALEY,20132014,656,1283,1873
ANDREAS_DACKELL,20032004,373,1283,2119
CHRISTIAN_LAFLAMME,20032004,351.9,1283,2132
BRETT_STERLING,20112012,295.9,1283.5,2175.1
JORDAN_SCHROEDER,20132014,330,1284,2163.1
ANTTI_PIHLSTROM,20082009,320,1284,2156
JERRY_D'AMIGO,20132014,295.9,1284,2197
NICOLAS_BLANCHARD,20122013,269.9,1284.5,2215
RICHARD_SCOTT,20032004,280,1285,2193.1
RYAN_HAMILTON,20132014,275,1285,2190
CAMERON_SCHILLING,20122013,286,1285.5,2189
JESSE_FIBIGER,20022003,265.9,1286,2194
NILS_EKMAN,20062007,407,1287,2087
MIKA_ZIBANEJAD,20132014,378,1287,2111
ALEXEI_SMIRNOV,20032004,314,1287,2179
BRAD_SMYTH,20022003,283.9,1287,2191
JORDAN_CARON,20132014,369,1287.5,2110
RILEY_ARMSTRONG,20082009,271.9,1287.5,2198
JOSH_HARDING,20132014,558,1288,1971
ERIK_RASMUSSEN,20062007,361,1288,2095
KRYS_BARCH,20132014,412.9,1288.5,2090
COLBY_COHEN,20102011,299,1289,2214
DAN_CLOUTIER,20072008,558,1290,1967.1
CONNOR_JAMES,20072008,283.9,1290,2205
JIRI_DOPITA,20022003,282,1291.5,2189
DARCY_HORDICHUK,20122013,456,1292,2073
MARK_DEKANICH,20102011,276,1292.5,2201.1
DENNIS_WIDEMAN,20132014,690,1293,1855
CODY_HODGSON,20132014,474.9,1293,2036
JESSE_WINCHESTER,20132014,467,1293,2049
CARL_SODERBERG,20132014,344.9,1293,2164
DARREN_LANGDON,20052006,333,1293,2180
CRAIG_DARBY,20032004,285.9,1293,2216.1
JOSH_LEIVO,20132014,273.9,1293,2209
ANDREW_CASSELS,20052006,446,1294,2065.1
JAY_LEACH,20102011,382,1295,2127.1
STEVE_MOORE,20032004,342,1295,2147
DUSTIN_KOHN,20092010,316,1295,2173
PETR_PRUCHA,20102011,519,1295.5,2004
BRADY_MURRAY,20072008,285,1296,2201
TY_CONKLIN,20112012,658,1297,1884
BRIAN_LEETCH,20052006,518,1297.5,1999
JAROSLAV_MODRY,20072008,565,1298,1989
PHILIP_VARONE,20132014,289.9,1298,2197.1
CADE_FAIRCHILD,20112012,286,1298.5,2208
RAY_EMERY,20132014,664,1299,1882.1
CRAIG_WELLER,20082009,363,1299,2149.1
ALEXANDER_BURMISTROV,20122013,454,1299.5,2050
DAN_ELLIS,20132014,636,1300,1918
DENIS_GREBESHKOV,20132014,528.9,1300,1978.1
GEOFF_PLATT,20072008,333,1300,2164
MIKE_DUCO,20112012,296.9,1300,2196.1
MIKE_PANDOLFO,20032004,274,1300,2218
GORDIE_DWYER,20022003,305.9,1300.5,2210
PATRICE_BRISEBOIS,20082009,599,1301,1939
DONALD_BRASHEAR,20092010,500,1301,2018
MIKE_SMITH,20132014,667.9,1301.5,1869
JIM_O'BRIEN,20122013,340,1302,2153
JAMIE_ARNIEL,20102011,287,1302,2202
ALAN_LETANG,20022003,274.9,1302,2206
MARK_OLVER,20122013,371.9,1302.5,2142
ANDREAS_ENGQVIST,20112012,316,1303,2204
RYAN_STOA,20102011,346.9,1304,2163
KEVAN_MILLER,20132014,328,1304,2198
MARK_SMITH,20072008,405,1304.5,2122
MICHAL_HANDZUS,20132014,671,1305,1884.1
NICK_BJUGSTAD,20132014,352,1305,2161.1
AUSTIN_WATSON,20122013,291,1305,2212
BRYAN_MARCHMENT,20052006,451.9,1306,2072.1
DMITRY_YUSHKEVICH,20022003,395,1306.5,2118
JARED_STAAL,20122013,289,1306.5,2201.1
MAXIME_OUELLET,20052006,344.9,1307,2154
YANIC_PERREAULT,20072008,550,1308,1989
DUSTIN_TOKARSKI,20112012,316.9,1309.5,2184
MATT_UNDERHILL,20032004,276,1309.5,2204
HENRIK_TALLINDER,20132014,681,1310,1882.1
LUCAS_LESSIO,20132014,281.9,1310.5,2205
ROB_NIEDERMAYER,20102011,619,1312,1930
NEIL_LITTLE,20032004,286,1312,2216
MATT_RYAN,20052006,280.9,1312,2215.1
JEFF_FINGER,20092010,558,1313,2004
ROBERT_EARL,20102011,340,1313,2176
BRAD_HUNT,20132014,296.9,1313,2221
CHUCK_KOBASEW,20132014,606,1314,1953
DEREK_GRANT,20132014,317,1314,2191.1
MARC_CHOUINARD,20062007,477.9,1314.5,2074.1
SCOTT_YOUNG,20052006,480,1315,2055
CHRISTOPHER_MINARD,20092010,345,1315,2171
BRANDON_SMITH,20022003,308,1315,2218
CHARLIE_STEPHENS,20032004,289,1315,2209
JAMIE_STORR,20032004,418,1315.5,2134
JOHN_NEGRIN,20082009,304,1315.5,2218
MAREK_ZIDLICKY,20132014,689,1316,1884
JOHAN_HARJU,20102011,324,1316,2210.1
MAKSIM_MAYOROV,20112012,319,1316,2212
DMITRIJ_JASKIN,20132014,309,1316,2220
KEVIN_COLLEY,20052006,286,1316,2218
JAME_POLLOCK,20032004,294.9,1317,2212
DOUG_HOUDA,20022003,298.9,1317,2223
PATRICK_DAVIS,20092010,310,1317.5,2208
JONATHAN_SIGALET,20062007,272.9,1317.5,2222.1
KIRK_MULLER,20022003,327,1318,2191
CODY_BASS,20112012,323,1318,2194.1
JONATHAN_FERLAND,20052006,292,1318,2212
JONATHON_BLUM,20132014,447.9,1319,2080
PAVEL_TRNKA,20032004,441,1319,2116
PIERRE-LUC_LETOURNEAU-LEBLOND,20112012,338,1319.5,2206
FREDDIE_HAMILTON,20132014,309,1319.5,2214
JOHN_JAKOPIN,20022003,299,1319.5,2204.1
BRIAN_DUMOULIN,20132014,304,1319.5,2211
SEAN_MONAHAN,20132014,348,1320,2164
MATT_HUSSEY,20052006,325,1321,2213
FRANCIS_WATHIER,20102011,303,1321,2210
COREY_ELKINS,20092010,293.9,1321,2210
MIKA_PYORALA,20092010,344,1321.5,2179.1
STEVE_BERNIER,20132014,597,1323,1968
MARK_MANCARI,20102011,340.9,1323,2165
DENIS_SHVIDKI,20022003,290.9,1323,2212
DARCY_TUCKER,20092010,610,1324,1962.1
JOEL_RECHLICZ,20092010,308,1324,2217
MAXIM_AFINOGENOV,20092010,616,1324.5,1947
MIKE_IGGULDEN,20082009,318,1324.5,2195
DEAN_ARSENE,20092010,324,1325.5,2208
MAT_CLARK,20112012,301,1326,2227
JASON_BACASHIHUA,20062007,423,1326.5,2105
JEFF_COWAN,20072008,446.9,1327,2073
JONATHAN_FILEWICH,20072008,311.9,1327,2203
GREG_ZANON,20122013,671,1328,1933
ERIC_BEAUDOIN,20032004,345.9,1328,2203
MARTIN_GRENIER,20062007,323,1328,2222
JOSHUA_HENNESSY,20092010,342.9,1329,2209
YANN_DANIS,20122013,473,1331.5,2091
PHILIP_LARSEN,20132014,457,1331.5,2088.1
REILLY_SMITH,20132014,395.9,1331.5,2148
BILL_THOMAS,20112012,388.9,1333,2142
MICHAEL_FUNK,20072008,327,1333,2199.1
JARKKO_IMMONEN,20062007,327,1333,2204
TIMO_HELBLING,20062007,301,1333,2223
JONAS_JUNLAND,20092010,317.9,1333.5,2206
MICHAL_JORDAN,20122013,309,1333.5,2217
IGOR_LARIONOV,20032004,398,1334,2147
WILL_ACTON,20132014,313,1334,2220
TIM_STAPLETON,20112012,420,1335,2127
JAY_PANDOLFO,20122013,552,1336,2032
KRIS_FREDHEIM,20112012,310,1336,2233
CHAD_KOLARIK,20102011,318,1336.5,2216
MARK_BOROWIECKI,20132014,315,1337,2213.1
MATT_DUMBA,20132014,308,1337,2224
ROMAN_LYASHENKO,20022003,300.9,1338,2218
JIM_DOWD,20072008,530,1339,2043
CAMERON_MANN,20022003,325,1339,2218
BRANDON_NOLAN,20072008,302,1339,2224.1
ARTEM_CHUBAROV,20032004,437,1341,2108
ANTHONY_PELUSO,20132014,320.9,1341,2221
DREW_BAGNALL,20102011,316,1341,2231
JEFF_MACMILLAN,20032004,322,1341.5,2227
NATHAN_DEMPSEY,20062007,514,1342,2068
CHRIS_MUELLER,20122013,372,1342,2200
BARRY_TALLACKSON,20082009,314,1342,2205
ANTERO_NIITTYMAKI,20102011,681,1343,1933
BILL_HOULDER,20022003,400,1343.5,2151
ADAM_BERKHOEL,20052006,362,1343.5,2182
DARRYL_SYDOR,20092010,664,1345,1954
PETR_NEDVED,20062007,555.9,1345,2050
JOSEF_BOUMEDIENNE,20032004,383.9,1345,2149
KYLE_GREENTREE,20082009,304,1345,2220.1
TODD_REIRDEN,20032004,339,1346,2219
CAREY_PRICE,20132014,694,1346.5,1931
STEPHANE_QUINTAL,20032004,488,1347,2095
MATT_CLIMIE,20102011,347,1348,2208
ILKKA_PIKKARAINEN,20092010,337.9,1348,2227
THOMAS_GREISS,20132014,511.9,1349,2090
PETER_SKUDRA,20022003,414,1349,2147
DAVE_KARPA,20022003,315.9,1349,2212
ALEXANDRE_DAIGLE,20052006,466.9,1350,2115
VOJTECH_POLAK,20062007,323,1350.5,2227
LUKAS_KRAJICEK,20092010,600.9,1351,2006
JOHAN_LARSSON,20132014,313.9,1351.5,2215
WADE_DUBIELEWICZ,20092010,462.9,1352,2103
FRANK_CORRADO,20132014,320.9,1352,2229
ANDREW_BODNARCHUK,20092010,321,1352.5,2234
DAVID_TANABE,20072008,549.9,1353,2034
JEROME_SAMSON,20112012,362.8,1353,2194.1
KYLE_CALDER,20092010,640,1353.5,1970
KEVIN_DALLMAN,20072008,466,1354,2111
PHILIPP_GRUBAUER,20132014,386,1354,2184
STAFFAN_KRONWALL,20092010,351.9,1354,2222
JORDAN_SZWARZ,20132014,343,1354,2224
JARKKO_RUUTU,20102011,625.9,1354.5,1996
RAPHAEL_DIAZ,20132014,458,1354.5,2120
JAKUB_CUTTA,20032004,309.8,1355,2218
JOSH_HOLDEN,20022003,327,1356,2230
BRAD_THIESSEN,20112012,357.9,1356.5,2198
RYAN_WHITNEY,20132014,720,1357,1920
J-SEBASTIEN_AUBIN,20072008,562.9,1357,2044
RICHARD_PANIK,20132014,376,1357,2175.1
JOHN_GRUDEN,20032004,333,1357,2212
SPENCER_ABBOTT,20132014,303.9,1357,2231.1
PATRICK_DWYER,20132014,536,1357.5,2060
MAGNUS_JOHANSSON,20072008,417,1358,2177.1
KEVIN_MARSHALL,20112012,326,1358,2215
DUNCAN_MILROY,20062007,320.9,1358,2227
THOMAS_MCCOLLUM,20102011,306,1358,2235
ADAM_PINEAULT,20072008,329,1358.5,2219
KIP_MILLER,20032004,471,1359,2114
TYLER_BOUCK,20062007,350,1359,2208.1
JIM_CUMMINS,20032004,349,1359,2214
MARC_DENIS,20082009,596.9,1359.5,2007.1
MARTIN_SAMUELSSON,20032004,317,1360,2224
ROB_RAY,20032004,310,1360,2226
JEREMY_ROENICK,20082009,597.9,1361,2021
ALEXANDER_MOGILNY,20052006,498.9,1361,2110
SCOTT_WALKER,20092010,630.9,1362,1984.1
JAMIE_MCGINN,20132014,574,1362,2045
GEORGES_LARAQUE,20092010,534,1362,2065
DOUG_JANIK,20112012,469,1362,2124
DAVE_LOWRY,20032004,402,1364,2176
MARK_FLOOD,20112012,398,1364,2191
DARRYL_BOOTLAND,20072008,358.9,1364,2232
TEEMU_LAAKSO,20112012,343,1364,2223
JAROD_PALMER,20112012,335.9,1364,2244
CAL_O'REILLY,20112012,456,1365,2112
SEAN_COLLINS,20132014,346.9,1365,2201
ANTON_BELOV,20132014,407,1365.5,2181
ZDENEK_BLATNY,20052006,345,1365.5,2235
MARTIN_BIRON,20132014,762,1367,1890
DAVID_PRINTZ,20062007,346,1367,2228
ANDREJ_MESZAROS,20132014,723,1368,1929
JOHN_POHL,20072008,433,1368,2155
NATHAN_OYSTRICK,20102011,422,1368,2155
BRAD_STAUBITZ,20122013,422.9,1368,2161
ZDENEK_KUTLAK,20032004,352,1368,2243
PAUL_MARA,20102011,695.9,1369,1944
ROSS_LUPASCHUK,20022003,333,1369,2238
MICHAEL_SGARBOSSA,20122013,331,1369.5,2239
T.J._BRODIE,20132014,511,1371,2113
DENIS_HAMEL,20062007,384,1371,2180
SYLVAIN_BLOUIN,20022003,322,1371.5,2233
KAREL_RACHUNEK,20072008,563,1372,2031
GARTH_SNOW,20052006,578.9,1372,2055
CRAIG_BERUBE,20022003,335,1372,2229
ANDERS_MYRVOLD,20032004,341,1372,2241
BRET_HEDICAN,20082009,662,1373,1981
JAIME_SIFERS,20092010,389,1373,2187
T.J._BRENNAN,20122013,391.9,1373,2191
COLIN_MCDONALD,20132014,411,1373.5,2161.1
MARC_METHOT,20132014,649,1374,1982
JEFF_DESLAURIERS,20112012,510,1374.5,2107
MARCUS_RAGNARSSON,20032004,489,1374.5,2095
KAREL_PILAR,20032004,428.9,1376,2156
MIKE_STUTZEL,20032004,350.9,1376,2250
RILEY_COTE,20082009,383.9,1376.5,2200
BILLY_TIBBETTS,20022003,318.9,1376.5,2241
CRISTOPHER_NILSTORP,20122013,366,1377.5,2210
VITALY_VISHNEVSKI,20072008,591,1378,2043
TOMMY_WINGELS,20132014,462,1379,2149.1
DREW_LARMAN,20092010,358,1379,2228
DREW_LEBLANC,20122013,341,1379,2239
MITCHELL_FRITZ,20082009,348.9,1379,2252
ROMAN_TVRDON,20032004,334.9,1379,2243
TIM_GLEASON,20132014,736.9,1380,1942
LELAND_IRVING,20122013,412,1380,2189
TEEMU_HARTIKAINEN,20122013,399.9,1380,2196
JIMMIE_OLVESTAD,20022003,344,1380,2249
ANDERS_LINDBACK,20132014,573.9,1381,2061
MATT_BARTKOWSKI,20132014,422,1381,2179
MARK_ARCOBELLO,20132014,387,1381,2198
DANIEL_TAYLOR,20122013,378,1381,2229
SIMON_GAMACHE,20072008,401,1381.5,2199
ANDERS_LEE,20122013,335.9,1381.5,2246
TIM_BRENT,20122013,496,1382,2125
JONATHAN_HEDSTROM,20052006,440,1382,2162.1
MATT_FOY,20072008,376.9,1383,2212
RYAN_CALDWELL,20052006,333,1383,2250
TOM_KOSTOPOULOS,20122013,673,1384,2003
IAN_LAPERRIERE,20092010,643.9,1384,2022
CHRIS_MASON,20122013,752.9,1385,1920
CAM_PADDOCK,20082009,386.9,1385,2223
MANNY_FERNANDEZ,20082009,677,1386,1983.1
CHRIS_TERRY,20132014,333,1386,2249
DERICK_BRASSARD,20132014,648,1387.5,2020
CODY_GOLOUBEF,20122013,340,1387.5,2235.1
ARRON_ASHAM,20132014,672,1388,1982.1
MIKE_SILLINGER,20082009,649,1388,2009
MATT_PETTINGER,20092010,594.9,1388,2048
LINUS_KLASEN,20102011,351.9,1388,2252
ADAM_HAUSER,20052006,349,1388,2250
DENIS_TOLPEKO,20072008,372,1389,2233
DIMITRI_PATZOLD,20072008,349.9,1389,2242
MARK_RYCROFT,20062007,477.9,1390,2132
DAVID_LING,20032004,393,1390.5,2208
SYLVAIN_LEFEBVRE,20022003,371,1390.5,2223
JOSEF_VASICEK,20072008,591,1391,2059
SERGE_AUBIN,20052006,513,1391,2143.1
ROB_SCHREMP,20102011,502,1391,2140
CALVIN_DE HAAN,20132014,370,1391.5,2206
MIKE_HOFFMAN,20132014,353,1392.5,2248.1
DAVID_HALE,20102011,596,1393,2063
MATT_FRATTIN,20132014,499,1393,2151
TOM_WILSON,20132014,367,1394,2230
ZACH_SILL,20132014,341.9,1394.5,2247
KEVIN_PORTER,20132014,535.9,1396,2086
SERGEI_BRYLIN,20072008,535.9,1396,2105.1
MAXIME_MACENAUER,20112012,361,1396,2233
DEREK_PELTIER,20092010,347.9,1396,2230
PHILIPPE_DUPUIS,20112012,453,1397,2185
PATRICK_MAROON,20132014,390,1397,2222
TODD_HARVEY,20052006,428,1398,2183
REED_LOW,20062007,392,1398,2223
PATRICK_DESROCHERS,20022003,368,1399.5,2234.1
KYLE_ROSSITER,20032004,357,1399.5,2249
RYAN_CARTER,20132014,565,1400,2089
CLIFF_RONNING,20032004,482.9,1400,2144
ZACK_KASSIAN,20132014,507,1400.5,2151
MICHAEL_LEIGHTON,20122013,649,1401,2003.1
BORIS_MIRONOV,20032004,510.9,1401,2134.1
OLE-KRISTIAN_TOLLEFSEN,20092010,530.9,1402,2132
TREVOR_GILLIES,20112012,398.9,1402.5,2217
DAMIEN_BRUNNER,20132014,481,1403,2167
TOMAS_VINCOUR,20122013,418.9,1403,2196.1
MARTINS_KARSUMS,20082009,367,1403,2231.1
JOSH_GREEN,20112012,472,1404,2171.1
ALEX_CHIASSON,20132014,441,1404,2198
JANNE_PESONEN,20082009,358.9,1404.5,2259
PETR_TENKRAT,20062007,428,1405,2212
JEFF_GIULIANO,20072008,421.9,1406,2208.1
MATTHEW_NIETO,20132014,390,1407,2252
ALEXANDER_NIKULIN,20082009,355,1407,2244.1
ZAC_BIERK,20032004,404.9,1408,2205.1
ALEXEI_ZHITNIK,20072008,704,1409,2016
PAUL_POSTMA,20132014,423,1409,2209
YURI_BUTSAYEV,20022003,376,1409,2246
RICKARD_RAKELL,20132014,329.9,1410,2248
MATT_KEITH,20072008,390,1410.5,2230
PAUL_KARIYA,20092010,700,1411,2000
TIE_DOMI,20052006,527,1411,2122
STEPHEN_VALIQUETTE,20092010,501,1411,2143
PATRICK_BORDELEAU,20132014,403,1411,2222
MATT_CARKNER,20132014,573,1412,2097
JUNIOR_LESSARD,20072008,374.9,1412,2235.1
MATT_D'AGOSTINI,20132014,582.9,1413,2069.1
MICHAEL_STONE,20132014,500.9,1413,2155
LARS_JONSSON,20062007,376.9,1414,2235.1
KRIS_VERNARSKY,20032004,361.9,1414,2247
JON_KALINSKI,20092010,375,1414.5,2240.1
ANDREJ_NEDOROST,20032004,391,1415,2228.1
RYAN_SHANNON,20112012,574,1416,2083
TYSON_STRACHAN,20132014,528,1416,2139
ERIC_PERRIN,20082009,565,1417,2090.1
BRENDEN_DILLON,20132014,517,1417,2162
MICHAEL_KOSTKA,20132014,439,1417,2197
JESPER_FAST,20132014,372.9,1417,2254
MIKE_KEANE,20032004,454.9,1418,2189
SANDY_MCCARTHY,20032004,435.9,1418,2214.1
IGOR_KRAVCHUK,20022003,343,1418,2245
ROB_GLOBKE,20072008,365,1419,2256.1
JHONAS_ENROTH,20132014,567,1420,2107
ERIK_CHRISTENSEN,20112012,646,1422,2051
RICKARD_WALLIN,20092010,446,1422,2197.1
RASMUS_RISTOLAINEN,20132014,379.9,1422.5,2260
ANTON_STRALMAN,20132014,700.9,1423,2028.1
JIMMY_HAYES,20132014,452,1423,2199
P.J._STOCK,20022003,390,1423,2230
NICKLAS_GROSSMANN,20132014,695,1425,2002.1
JON_MATSUMOTO,20102011,408,1425,2249.1
GREG_RALLO,20122013,355.9,1425,2258
NICLAS_BERGFORS,20112012,566.9,1426,2122.1
BRAD_NORTON,20062007,426.9,1426,2213
KYLE_WANVIG,20072008,460,1427,2221
RYAN_VESCE,20092010,388.8,1427,2240.1
TOM_WANDELL,20122013,512,1429,2153
JASON_ALLISON,20052006,485.9,1429,2174
MARK_POPOVIC,20092010,475,1429,2175
JUSTIN_POGGE,20082009,430.9,1429,2222
TOMAS_KUNDRATEK,20122013,414,1429,2241.1
LADISLAV_BENYSEK,20022003,378,1429,2255
DANIEL_GIRARDI,20132014,736,1431,1993
BRANDON_YIP,20132014,550,1432,2117.1
CASEY_BORER,20092010,395,1432,2237
CAMERON_GAUNCE,20132014,378.9,1432,2256
SERGEI_SHIROKOV,20102011,364,1432,2256
CHRIS_VANDEVELDE,20132014,419.9,1433,2241
TOMMI_SANTALA,20062007,419,1433,2247
BOBBY_SANGUINETTI,20122013,427,1434,2203
ALEXANDRE R._PICARD,20112012,653,1436,2072
DMITRI_BYKOV,20022003,492,1436,2188
ANDREY_ZUBAREV,20102011,389,1437.5,2246
CURTIS_MCELHINNEY,20132014,628,1438,2082
CHRIS_MCALPINE,20022003,395,1438,2252
ANDY_WOZNIEWSKI,20092010,506.9,1439,2186
MIKE_BLUNDEN,20132014,442,1439,2213
BRETT_MCLEAN,20082009,668,1441,2061
NIKLAS_BACKSTROM,20132014,775,1442,1984
PATRICK_BOILEAU,20032004,452,1442,2217
BRANDON_MCMILLAN,20122013,461,1444,2164
PETR_VRANA,20082009,377,1444,2263
MARC-ANDRE_CLICHE,20132014,427.9,1445,2245
KIP_BRENNAN,20052006,396,1445,2267
BEN_SMITH,20132014,470,1446,2215
MARK_STUART,20132014,721,1446.5,2025
BEN_SCRIVENS,20132014,564,1447,2152
MATTHEW_CORRENTE,20102011,415,1447,2241
JASON_WILLIAMS,20112012,694,1448,2047
KEITH_AULIE,20132014,553,1448.5,2144.1
KARL_STEWART,20072008,420.9,1449,2241.1
JASON_WIEMER,20052006,568,1450,2157
MIKE_YORK,20072008,639,1450.5,2075
ROMAN_WICK,20102011,379,1451,2276
CHRIS_OSGOOD,20102011,792,1451.5,1964.1
BURKE_HENRY,20032004,462.9,1451.5,2221.1
MARK_RECCHI,20102011,786,1453,1975
NIKO_KAPANEN,20072008,647,1453,2091
CONNOR_CARRICK,20132014,408.9,1453,2248
JOSH_TORDJMAN,20082009,392.9,1454,2267
TOMAS_KUBALIK,20112012,415.9,1455,2252
JEFF_HEEREMA,20032004,410,1455,2264.1
ERIC_MELOCHE,20062007,461.9,1456.5,2218
LUCA_CAPUTI,20102011,432,1457.5,2245
NOAH_WELCH,20102011,488,1458,2208
JOE_SACCO,20022003,417,1458,2254
JUSSI_RYNNAS,20122013,392,1458,2271
MIKAEL_TELLQVIST,20082009,677,1459,2068
KYLE_CHIPCHURA,20132014,621,1459,2117
STEVEN_ZALEWSKI,20112012,388,1459,2271
BLAKE_SLOAN,20032004,455,1459.5,2225
SHELDON_SOURAY,20122013,771,1462,1995
CHRIS_CLARK,20102011,711,1462,2051.1
BRAD_LUKOWICH,20102011,676.9,1462,2071
BRYAN_HELMER,20082009,426.9,1463,2240
TIMO_PIELMEIER,20102011,369,1463.5,2265
ADAM_PARDY,20132014,622,1465,2114
LUKE_ADAM,20132014,507.9,1465,2210
COLTON_SCEVIOUR,20132014,398,1465,2270
STEVE_STAIOS,20112012,800,1465.5,1977
NATHAN_PERROTT,20052006,436,1466,2244
YANN_SAUVE,20102011,392,1466,2267
REID_SIMPSON,20022003,390,1466,2268
STEVE_PASSMORE,20032004,517,1466.5,2201
BRANISLAV_MEZEI,20072008,579,1467,2148.1
KENT_MCDONELL,20032004,432,1468,2259.1
DIETER_KOCHAN,20022003,403.9,1468,2275
JORDAN_LEOPOLD,20132014,827.9,1468.5,1971
DUVIE_WESTCOTT,20072008,631.9,1469,2104.1
STEPHANE_MATTEAU,20022003,434,1469.5,2251
MIKE_RUPP,20132014,639,1470,2107
BILL_MUCKALT,20022003,408,1471.5,2274
ROBIN_LEHNER,20132014,554.9,1472,2177
JOEL_BOUCHARD,20052006,557,1473,2192
CHRIS_TAYLOR,20032004,468.9,1473,2226
MATTIAS_RITOLA,20112012,453.9,1473,2260
GARNET_EXELBY,20092010,705.9,1474,2070
MICHAEL_GRIER,20102011,605.9,1474,2142
MATT_BELESKEY,20132014,598,1474.5,2143.1
MICKI_DUPONT,20072008,399.9,1474.5,2252
SCOTT_NICHOL,20122013,721.8,1475.5,2075
ALEXANDER_URBOM,20132014,443,1475.5,2254
FELIX_POTVIN,20032004,583,1476.5,2178
GUILLAUME_DESBIENS,20112012,396,1477,2269
GREG_CLASSEN,20022003,396.9,1478,2277.1
MATS_LINDGREN,20022003,459,1480,2242
AARON_VOLPATTI,20132014,469,1481,2246.1
JESSE_JOENSUU,20132014,511,1481.5,2213
STEVE_MACINTYRE,20102011,429,1482,2260
MATHIEU_DANDENAULT,20082009,703,1483,2069.1
MARTIN_ST. PIERRE,20092010,422,1483,2262
JONATHAN_SIM,20102011,659.9,1485,2104
ANDREW_HUTCHINSON,20102011,592.9,1485,2187.1
JONAS_GUSTAVSSON,20132014,717.9,1486,2075
MATT_IRWIN,20132014,510,1486,2210
RICK_BERRY,20032004,519,1487,2212
KEVIN_POULIN,20132014,584,1488,2171
JEAN-FRANCOIS_FORTIN,20022003,424.9,1488,2262
BRIAN_MCGRATTAN,20132014,498,1488.5,2218.1
ANDREW_GREENE,20132014,763,1489,2065
FREDERICK_MEYER,20102011,633.9,1489.5,2141
NOLAN_PRATT,20072008,592.9,1490,2153.1
STU_BICKEL,20122013,482,1490,2234
ADAM_MAIR,20102011,693.9,1491.5,2104
STEVE_OTT,20132014,793,1492,2021.1
BYRON_BITZ,20112012,494,1494.5,2215
KASPARS_DAUGAVINS,20122013,511,1495,2219
LAWRENCE_NYCHOLAT,20082009,486.9,1495,2230
BEN_MAXWELL,20112012,456,1495,2257
PATRICK_EAVES,20132014,699,1495.5,2076.1
NATHAN_SMITH,20092010,410,1496.5,2279
ROMAN_POLAK,20132014,731,1497,2061.1
OLIVIER_MAGNAN,20102011,416,1497,2264
JEFF_TAFFE,20112012,572,1497.5,2186
MATHIAS_TJARNQVIST,20072008,568,1498,2188
SCOTT_FERGUSON,20052006,555,1499,2197
TREVOR_LETOWSKI,20072008,701.9,1500,2123
MICHAEL_ZIGOMANIS,20102011,605,1501.5,2197
BRENT_SOPEL,20102011,802.9,1502,2029
ERIC_NICKULAS,20052006,525.9,1502,2231
LAURI_KORPIKOSKI,20132014,719,1503,2091.1
ERIC_CHOUINARD,20032004,476.9,1503,2239
TIM_CONBOY,20092010,466,1504,2264
DANIEL_TJARNQVIST,20082009,707.8,1504.5,2107
MATT_GILROY,20132014,638,1504.5,2144
BRIAN_FINLEY,20062007,419,1504.5,2265
ZACK_SMITH,20132014,638,1505.5,2154
GREG_DE VRIES,20082009,608,1506,2161
NORMAN_MILLEY,20052006,420.9,1506,2278
TOMAS_KLOUCEK,20032004,447,1507.5,2269
COLTEN_TEUBERT,20112012,435,1509,2266
MICHAEL_MORRISON,20062007,557,1510,2216
JODY_HULL,20022003,477.9,1510,2249
BOYD_DEVEREAUX,20082009,686,1512,2124
COLIN_FORBES,20052006,403.9,1512,2274.1
ANSSI_SALMELA,20102011,594,1513,2179
BENJAMIN_ONDRUS,20082009,444.9,1514,2295.1
ONDREJ_PAVELEC,20132014,780.8,1515,2058
MICHAEL_VERNACE,20102011,472.9,1515,2281
MATHIEU_GARON,20122013,856.9,1516,1999
BLAIR_JONES,20132014,499,1518,2233
IVAN_HUML,20032004,478,1518.5,2269
BRAD_STUART,20132014,893,1519,1978
ROBYN_REGEHR,20132014,870.9,1519,1995
KRIS_BEECH,20072008,525.9,1519,2221
SCOTT_GOMEZ,20132014,835,1519.5,2041
MARK_EATON,20122013,829,1520,2032
CRAIG_BILLINGTON,20022003,446.9,1520,2282
ANDREI_NAZAROV,20052006,458,1521,2262.1
BILL_LINDSAY,20032004,446,1521,2287
COLTON_GILLIES,20122013,541,1522,2233
HAL_GILL,20122013,866,1522.5,1993
CHRIS_BUTLER,20132014,747,1524,2102
KYLE_CUMISKEY,20102011,637,1524,2174.1
PAUL_SZCZECHURA,20112012,541.9,1524.5,2231
JORDAN_HENDRY,20102011,594,1525,2192
BRANDON_MASHINTER,20132014,429,1525,2292
MICHAEL_DEL ZOTTO,20132014,765,1526,2105.1
DAN_FOCHT,20032004,551.9,1526,2236
TIM_WALLACE,20122013,509.9,1526,2238
NICK_SCHULTZ,20132014,885.9,1527,2002.1
ALEX_HENRY,20082009,574,1527,2204.1
ANDREAS_KARLSSON,20072008,483.9,1527,2263
PATRICE_CORMIER,20122013,455,1527,2283
JESSE_BOULERICE,20072008,504,1527.5,2262
JARED_ROSS,20092010,434.9,1528.5,2289
DREW_FATA,20072008,434,1528.5,2289
NAIL_YAKUPOV,20132014,577,1529,2213
MARTIN_STRBAK,20032004,499.9,1529,2259
DARREN_REID,20062007,455,1529.5,2295
ALEX_PETROVIC,20122013,455.9,1530,2298
DAN_HINOTE,20082009,677,1530.5,2153
ROBERT_SVEHLA,20022003,562,1530.5,2207.1
PASCAL_PELLETIER,20082009,442,1531,2293
CHARLES_LINGLET,20092010,412,1531,2291
ESA_PIRNES,20032004,459,1531.5,2291.1
JIM_VANDERMEER,20112012,803,1532,2056
RADOSLAV_SUCHY,20052006,689,1532,2161.1
MARIO_LEMIEUX,20052006,575,1534,2194
IAN_MORAN,20062007,572,1534,2206
BRAD_BROWN,20032004,527.9,1534,2241
MICHEAL_HALEY,20122013,452.9,1534.5,2282
JAROSLAV_SVOBODA,20052006,516,1535,2248.1
DAVIS_DREWISKE,20122013,599.9,1536,2201
MIKHAIL_YAKUBOV,20052006,471,1536,2257.1
ADAM_BURISH,20122013,711.9,1537,2138
NIKLAS_KRONWALL,20132014,807,1542,2073
MIKE_MCKENNA,20132014,531.9,1543.5,2235
MATT_JOHNSON,20032004,495,1544,2267
MAXIME_FORTUNUS,20132014,483.9,1544,2298
VLADIMIR_MIHALIK,20092010,479.9,1545,2292
BRYAN_YOUNG,20072008,471,1545.5,2299
DARCY_VEROT,20032004,490,1546.5,2289
BROOKS_ORPIK,20132014,910,1547,2008
ANDERS_NILSSON,20132014,497.9,1550,2287
TOM_FITZGERALD,20052006,619,1551,2206
STEVEN_PINIZZOTTO,20122013,437.9,1553,2305
BRETT_CLARK,20122013,874,1554,2028
LEE_GOREN,20062007,489,1554.5,2277
DEREK_BOOGAARD,20102011,566.8,1555,2238
RYAN_RUSSELL,20112012,479,1555,2282
TROY_BODIE,20132014,562,1556,2244
BRAD_MALONE,20132014,482,1557.5,2284
JOHNATHAN_AITKEN,20032004,507,1558,2273.1
ALEXANDRE_PICARD,20092010,496,1558,2278
JUSTIN_PETERS,20132014,722,1559,2170.1
TREVOR_KIDD,20032004,590.9,1559,2214
EVGENY_GRACHEV,20112012,518,1559,2292
OSSI_VAANANEN,20082009,755.8,1559.5,2136
ANDREAS_THURESSON,20102011,472,1559.5,2291.1
KYLE_BRODZIAK,20132014,818,1560,2094
BRIAN_WILLSIE,20102011,666,1560,2158.1
KYLE_CLIFFORD,20132014,631.9,1560,2194
JAY_BEAGLE,20132014,586,1560,2232
CRAIG_RIVET,20102011,881,1561,2056
JAMIE_RIVERS,20062007,578,1561,2235
JASON_KING,20072008,502,1562,2262
VLADIMIR_SOBOTKA,20132014,742,1563,2134.1
NICK_DRAZENOVIC,20132014,455.9,1563,2294.1
ALEXEI_SEMENOV,20082009,673,1565,2178
SHAONE_MORRISONN,20102011,851.9,1566,2081
JEFF_PETRY,20132014,713,1566.5,2164
MATT_HACKETT,20122013,515.9,1566.5,2273
BRETT_CONNOLLY,20132014,586,1567.5,2252.1
JESSE_WALLIN,20022003,488,1569,2276
JUSTIN_MAPLETOFT,20032004,473,1569,2291.1
TONY_HRKAC,20022003,550.9,1570,2260
JEFF_ODGERS,20022003,484.9,1570.5,2279
KEVIN_WEEKES,20082009,783,1571,2112
ERIC_GODARD,20102011,581,1571,2254
MAXIM_KONDRATIEV,20072008,516,1571,2276
JAMIE_OLEKSIAK,20132014,500,1571,2285
SANDIS_OZOLINSH,20072008,735,1572,2133
SHAWN_MCEACHERN,20052006,650,1572,2179
BRAYDEN_SCHENN,20132014,661,1572.5,2200
D.J._KING,20102011,512.9,1574,2272
ALEXANDRE_BOLDUC,20122013,505,1575,2284
PATRICK_COULOMBE,20062007,491,1575.5,2307
JOEL_PERRAULT,20102011,585.9,1578,2232
ESPEN_KNUTSEN,20032004,523,1578,2277.1
T.J._HENSICK,20102011,601.9,1579,2238
RICHARD_LINTNER,20022003,524.9,1580,2279
VERNON_FIDDLER,20132014,837.9,1581,2097
JOSEF_MELICHAR,20082009,745,1582,2156
MARC_BERGEVIN,20032004,600.9,1582.5,2235
JIM_MCKENZIE,20032004,531.9,1583,2294.1
REINHARD_DIVIS,20052006,583,1584,2248.1
MARTY_MCINNIS,20022003,603,1585,2265
J-LUC_GRAND-PIERRE,20032004,568.9,1585,2255
ROMAN_CERVENKA,20122013,527,1585,2269
BRENDAN_BELL,20112012,639,1586,2225.1
LANCE_BOUMA,20132014,531,1587,2285
BRETT_SUTTER,20132014,532.8,1588,2282.1
TREVOR_LEWIS,20132014,693.9,1590.5,2194
RHETT_WARRENER,20072008,739,1591,2162.1
ROB_SCUDERI,20132014,901,1592,2048.1
GILBERT_BRULE,20112012,736,1592,2163
VILLE_NIEMINEN,20062007,685,1592,2193
MATT_DAVIDSON,20022003,535,1593,2296
SAMUEL_PAHLSSON,20112012,860,1595,2082
TOMAS_KOPECKY,20132014,841,1595,2118
MATT_HUNWICK,20132014,786,1595,2136
JEFF_O'NEILL,20062007,742,1595,2169
KEATON_ELLERBY,20132014,686,1597,2203
STEVE_SHIELDS,20052006,665,1597,2204
PETER_HARROLD,20132014,698.9,1597.5,2192
MORGAN_RIELLY,20132014,546.8,1598,2277
ROB_DAVISON,20082009,621.9,1598.5,2234.1
MATTIAS_TEDENBY,20132014,613,1599.5,2238.1
KEN_DANEYKO,20022003,525,1601,2302
TIM_SESTITO,20132014,551,1602,2297
STEVE_WEBB,20032004,524.9,1602,2310
MIKE_COMMODORE,20112012,883.9,1605,2097
MICHAL_BARINKA,20052006,563.9,1605,2288
LUKE_GLENDENING,20132014,474,1605,2319.1
TOMI_PETTINEN,20052006,496.9,1605.5,2300.1
JOHN_ZEILER,20102011,497,1606,2304.1
CODY_ALMOND,20112012,506,1606,2319.1
MIKKO_ELORANTA,20022003,552,1607,2306
BRYCE_LAMPMAN,20052006,503.9,1607,2312
JEAN-MARC_PELLETIER,20032004,512.9,1608,2303.1
BRYAN_RODNEY,20112012,570.9,1609,2266.1
VITALIY_KOLESNIK,20052006,536,1610,2308
GLEN_MURRAY,20072008,826,1611,2141
ANDREW_RAYCROFT,20112012,945.9,1612,2075.1
BRENDAN_SMITH,20132014,644,1612.5,2240
MICHAL_NEUVIRTH,20132014,815,1613,2149
STEVE_WAGNER,20082009,562,1613,2276.1
TOM_PYATT,20132014,716,1614,2198.1
MATHIAS_JOHANSSON,20022003,575.9,1615,2294.1
ERIC_BOULTON,20132014,727,1616,2197
DARCY_KUEMPER,20132014,574.9,1616,2288
MARCUS_JOHANSSON,20132014,751.9,1617,2177
JOE_DIPENTA,20072008,672,1617.5,2233
NICK_SPALING,20132014,747,1619,2185
FRANCOIS_BEAUCHEMIN,20132014,968,1621,2055
TORREY_MITCHELL,20132014,758,1621,2178
CHAD_LAROSE,20122013,857.9,1622,2125
ERIC_BELANGER,20122013,917.9,1623,2093
FREDRIK_SJOSTROM,20102011,830,1623,2148
ROD_BRIND'AMOUR,20092010,897,1624,2105
DANA_TYRELL,20122013,608,1624,2267
MARK_KATIC,20102011,474,1624,2312
ANDREW_ALBERTS,20132014,867,1624.5,2116.1
FRANCIS_BOUILLON,20132014,944,1625,2074
RON_TUGNUTT,20032004,655.9,1625,2242
OLAF_KOLZIG,20082009,920.9,1626,2097
JAMIE_MCLENNAN,20062007,742.9,1627,2200
MATT_DONOVAN,20132014,567,1627,2289
ZACH_BOGOSIAN,20132014,874,1629,2127
BRIAN_ELLIOTT,20132014,913.9,1630,2096
DALE_WEISE,20132014,599,1630,2278
MIKE_DANTON,20032004,565.9,1630,2292
ANDREAS_NODL,20122013,683,1631,2235
SHANE_ENDICOTT,20052006,552,1631.5,2311.1
TODD_SIMPSON,20052006,733,1632,2211
MATHIEU_ROY,20122013,604,1632,2267.1
VACLAV_VARADA,20052006,677,1633,2237
RYAN_MURPHY,20132014,592.9,1633.5,2294
KENNDAL_MCARDLE,20112012,534,1633.5,2311
PETTERI_NUMMELIN,20072008,662,1635,2260
JAN_BULIS,20062007,815.9,1636,2172
BRIAN_SUTHERBY,20102011,776,1636,2188.1
JOE_PISKULA,20132014,514.9,1636,2314
JEFF_JILLSON,20052006,623,1637,2266
BEN_CLYMER,20062007,687.9,1638,2220
DYLAN_OLSEN,20132014,589,1638,2289
KYLE_MCLAREN,20072008,751,1638.5,2193
CLAUDE_LAPOINTE,20032004,636,1639,2269
SEBASTIEN_CHARPENTIER,20032004,637.9,1639.5,2272
JEFF_TAMBELLINI,20102011,703.9,1640,2219
FRANCIS_LESSARD,20102011,543,1640,2308
BRAD_MAY,20092010,744.9,1641,2223
COLIN_WHITE,20112012,835,1642,2160
GREG_JOHNSON,20052006,724,1643,2215
VICTOR_ORESKOVICH,20112012,571.9,1644,2305
CHRIS_TAMER,20032004,675,1645,2246.1
RANDY_MCKAY,20022003,578.9,1645,2285
DERYK_ENGELLAND,20132014,743,1646,2202
ADAM_MUNRO,20052006,601,1648,2291
JOE_VITALE,20132014,648,1649,2265
ADAM_GRAVES,20022003,560.9,1649,2312
MATT_WALKER,20112012,820.9,1649.5,2167
FREDERIC_CASSIVI,20062007,562,1649.5,2306
NIKLAS_NORDGREN,20052006,575,1650,2313
JOAKIM_LINDSTROM,20112012,667,1650.5,2259
THEO_PECKHAM,20122013,761,1651,2214.1
JUSSI_TIMONEN,20062007,546,1651,2318
LUBOMIR_SEKERAS,20032004,622.9,1651.5,2277.1
LANCE_WARD,20032004,581,1651.5,2297
MURRAY_BARON,20032004,703,1652,2240
TOBIAS_STEPHAN,20082009,567.9,1654,2299.1
PETTERI_NOKELAINEN,20112012,718.9,1657,2242
MIKE_WEBER,20132014,773,1658.5,2210
PATRIC_KJELLBERG,20022003,613.8,1659,2285
DAVID_KOCI,20102011,594,1660.5,2304
CHRIS_BOURQUE,20122013,571,1661,2317
CAM_BARKER,20122013,867,1662,2167
JOSH_GRATTON,20082009,592,1663,2309
CHRIS_PHILLIPS,20132014,1013,1665.5,2077
BRAD_BOMBARDIR,20032004,713,1668,2238
PATRICK_RISSMILLER,20102011,666,1668.5,2265
JACOB_MARKSTROM,20132014,709,1669,2250
MATT_HENDRICKS,20132014,771,1671,2219
ZAC_DALPE,20132014,622.8,1672,2291
JAMES_SHEPPARD,20132014,764,1672.5,2218
ANTON_LANDER,20132014,610.9,1672.5,2298
BRYAN_ALLEN,20132014,1011,1673.5,2090
IVAN_NOVOSELTSEV,20032004,672.9,1673.5,2278.1
PATRICK_O'SULLIVAN,20112012,879,1677,2175
TOMI_KALLIO,20022003,552,1678,2329
JEFF_DANIELS,20022003,542,1680,2323
MATTIAS_EKHOLM,20132014,604.9,1681.5,2307
KRIS_DRAPER,20102011,909.9,1682,2151
KARL_DYKHUIS,20032004,620.9,1682,2295
NICK_BOYNTON,20102011,959,1683,2124
ALEX_AULD,20112012,967,1684,2106
JOHN_MADDEN,20112012,888.9,1684,2151
DOMINIC_MOORE,20132014,946,1684.5,2131
JUSTIN_SCHULTZ,20132014,723,1685.5,2264.1
ZAC_RINALDO,20132014,639,1688,2288
JEFF_HALPERN,20132014,989,1689,2111
LYLE_ODELEIN,20052006,729.9,1690,2240.1
DEREK_SMITH,20132014,657.9,1690,2286
LINUS_OMARK,20132014,670,1691.5,2295
DANNY_SYVRET,20102011,681,1692,2295
RYAN_O'BYRNE,20122013,894,1693,2174
BORIS_VALABIK,20092010,679.9,1693,2287
GREGORY_STEWART,20092010,589.8,1693.5,2332
LUKE_SCHENN,20132014,944.9,1694,2139
MARCEL_HOSSA,20072008,763,1694,2249
AARON_NESS,20132014,569,1695,2325
KARL_ALZNER,20132014,880.9,1696,2180
MIKE_EASTWOOD,20032004,694,1696,2275.1
PASCAL_LECLAIRE,20102011,944.9,1697,2151
TIM_KENNEDY,20132014,697,1697,2262
ERIK_REITZ,20082009,616,1697,2317
CARTER_ASHTON,20132014,580,1697,2330
JAY_MCKEE,20092010,919,1698,2154
STEPHANE_YELLE,20092010,877,1699,2189
PER_SVARTVADET,20022003,619,1699,2312
BRAD_MILLS,20132014,587,1699,2328
COLIN_FRASER,20132014,788,1700,2228
STEVE_POAPST,20052006,777.8,1700,2226.1
CHRIS_HERPERGER,20022003,577.9,1700,2321
MARTY_MURRAY,20062007,660.9,1701,2288.1
JEFF_HACKETT,20032004,765,1703,2235
STEVE_MARTINS,20052006,598,1703,2312
SCOTT_PELLERIN,20032004,564,1703,2329
MILAN_JURCINA,20112012,954,1704,2157
DAVE_ANDREYCHUK,20052006,682,1705,2279
TODD_MARCHANT,20102011,953,1706,2139
SHAWN_THORNTON,20132014,797,1706,2210
STU_BARNES,20072008,900,1706.5,2187
MIKE_RATHJE,20062007,826.9,1706.5,2220
MATT_SMABY,20102011,734,1707,2271
HARRY_ZOLNIERCZYK,20122013,594.9,1709,2332
ERIC_MESSIER,20032004,631,1709.5,2315
PETER_WORRELL,20032004,614,1710,2320
JASON_DOIG,20032004,710,1711,2276
JOE_FINLEY,20122013,573,1711.5,2344
JOHN_MOORE,20132014,742,1712,2257
HANNES_HYVONEN,20022003,604,1712,2328
ALEKSANDER_SUGLOBOV,20062007,568.9,1714,2345
BRAD_RICHARDSON,20132014,910.9,1715,2189
MARC_STAAL,20132014,993.9,1718,2158
JACK_SKILLE,20132014,756,1718.5,2259
JEFF_HOGGAN,20092010,637.9,1718.5,2312
SVEN_BUTENSCHON,20052006,691.9,1719,2307
AARON_MILLER,20072008,777.9,1721,2235
LENNART_PETRELL,20122013,682,1722,2306
JON_MERRILL,20132014,600,1723,2334
TOMAS_ZIZKA,20032004,608.9,1724,2333
SERGE_PAYER,20062007,611.9,1725.5,2323
JOEL_KWIATKOWSKI,20072008,834,1726,2229
DENIS_ARKHIPOV,20062007,783,1727,2261
MIKE_RICCI,20062007,734.9,1730,2272
SCOTT_THORNTON,20072008,772,1731,2268
NATHAN_MCIVER,20082009,615.9,1731,2340
JOHN_SCOTT,20132014,707,1732,2288
BRIAN_SAVAGE,20052006,807.9,1734.5,2257
JOSE_THEODORE,20122013,1155,1736,2079
NICK_LEDDY,20132014,886.9,1739,2222
KEVYN_ADAMS,20072008,846.9,1741,2231
BRANKO_RADIVOJEVIC,20072008,886.9,1745.5,2212
DEREK_MORRIS,20132014,1109,1746,2120
ALEXANDER_SVITOV,20062007,722.9,1746,2288.1
NATHAN_LAWSON,20102011,648,1747,2330
MATTIAS_OHLUND,20102011,1081,1748,2138
BRENT_GILCHRIST,20022003,609,1748,2344
MARTIN_CIBAK,20052006,596.9,1749,2335
OSKARS_BARTULIS,20102011,723.9,1750,2309
JAMES_WRIGHT,20132014,705.8,1750,2304
ERIC_TANGRADI,20132014,703.9,1751,2313
MARTY_REASONER,20122013,1032.9,1753,2165.1
JANI_HURME,20022003,695.9,1755,2315
PAUL_RANHEIM,20022003,659.9,1755,2324
JOCELYN_THIBAULT,20072008,911.9,1757,2218
CHAD_KILGER,20072008,882.9,1758,2236
CHRIS_CHELIOS,20092010,961,1759,2190
JARED_COWEN,20132014,824,1760,2269
BRENDAN_MIKKELSON,20122013,776,1761,2277
DEREK_DORSETT,20132014,872.9,1765,2248
TYLER_SLOAN,20102011,794.9,1770,2289
MARK_PYSYK,20132014,668.9,1770,2325
CHARLIE_COYLE,20132014,709,1771,2313
MATT_MURLEY,20072008,629,1771,2333
RICK_RYPIEN,20102011,714,1772,2317
DANNY_RICHMOND,20072008,677,1772.5,2328
JASON_LABARBERA,20132014,1006,1773,2179
MATT_GREENE,20132014,1007,1773,2196
ANTTI_LAAKSONEN,20062007,921,1777,2249.1
BOYD_GORDON,20132014,1010,1778,2200
SEAN_BROWN,20052006,746.9,1778,2308
DENNIS_SEIDENBERG,20132014,1144,1779,2138
JEFF_SHANTZ,20022003,659,1779.5,2344
DAN_LACOUTURE,20082009,744,1780.5,2309
TREVOR_LINDEN,20072008,918,1781,2233
CHRIS_THERIEN,20052006,813,1781.5,2274
JEREMY_COLLITON,20102011,683.9,1785,2340
PASCAL_RHEAUME,20052006,738.9,1787,2313.1
QUINTON_HOWDEN,20122013,618.9,1788,2353.1
ADAM_FOOTE,20102011,1106.9,1789,2169
JANNE_NIINIMAA,20062007,948,1793,2231
DEREK_JOSLIN,20122013,788.8,1793.5,2301
NATE_THOMPSON,20132014,960.9,1794.5,2239
STEVE_MCKENNA,20032004,708,1795,2329.1
SCOTT_TIMMINS,20122013,621.9,1795.5,2353
JASON_SMITH,20082009,1080,1796.5,2183
DICK_TARNSTROM,20072008,953,1797,2241
JON_KLEMM,20072008,947,1798,2257
JASSEN_CULLIMORE,20102011,960,1799.5,2221
LADISLAV_SMID,20132014,1078,1800,2188
DENIS_GAUTHIER,20082009,977.9,1800,2234
DALE_PURINTON,20032004,765.9,1800,2304
ERIC_WEINRICH,20052006,942,1800.5,2241
STEVE_BEGIN,20122013,987.9,1803,2229
DAN_BLACKBURN,20022003,758,1805.5,2318
HANS_JONSSON,20022003,702,1806.5,2333
PHILIP_MCRAE,20102011,646.9,1807.5,2358
RYAN_WHITE,20132014,750.9,1808,2322
KORBINIAN_HOLZER,20122013,695,1808.5,2342
JOEL_LUNDQVIST,20082009,793,1810.5,2308
LIAM_REDDOX,20102011,766.9,1812,2311
FILIP_FORSBERG,20132014,644,1812,2355
RETO_BERRA,20132014,701,1813,2342
CODY_MCLEOD,20132014,949.9,1816,2241
TOM_SESTITO,20132014,694,1817,2342
CLAUDE_LEMIEUX,20082009,719,1820,2335
BRIAN_BOYLE,20132014,960,1820.5,2251
ALEXANDER_EDLER,20132014,1119.9,1822,2181
JAY_HARRISON,20132014,982,1825,2243
KURT_SAUER,20092010,1025,1826,2233
J.T._MILLER,20132014,685,1827,2348
ROD_PELLEY,20112012,796.9,1831,2311
ANDREW_GORDON,20122013,726,1834,2345
JOEY_MACDONALD,20132014,1056.9,1838.5,2225
BENJAMIN_SIMON,20052006,699,1840,2356
CHRIS_MCALLISTER,20032004,706,1842,2347
MATTHEW_SPILLER,20072008,779.9,1843.5,2344
BRAD_CHARTRAND,20032004,719.9,1846,2349
ANDY_DELMORE,20052006,834.9,1849,2318
TODD_FEDORUK,20092010,975,1850,2262
BYRON_RITCHIE,20072008,919.9,1854,2297
STEPHANE_DA COSTA,20132014,759,1854,2349
BRENT_JOHNSON,20112012,1159,1861,2200
B.J._CROMBEEN,20132014,947,1862,2277
RAMZI_ABID,20062007,814.9,1865.5,2338
DALLAS_DRAKE,20072008,1008,1866.5,2262
KIRK_MALTBY,20092010,1025,1868,2260
SEAN_PRONGER,20032004,778,1870,2346
CHRIS_SUMMERS,20122013,748,1870,2357
KRZYSZTOF_OLIWA,20032004,748.9,1874,2363
BRYCE_SALVADOR,20132014,1215.9,1875,2201.1
MARTIN_SKOULA,20092010,1162,1875,2208
OLEG_TVERDOVSKY,20062007,870,1876,2309
ANDREAS_LILJA,20122013,1194,1877,2215
CALE_HULSE,20052006,971.9,1878,2291
TOBY_PETERSEN,20112012,954,1880,2285
WYATT_SMITH,20072008,832,1880,2330
COLTON_ORR,20132014,893.9,1883.5,2315
JEFF_FINLEY,20032004,844,1888,2332
YAN_STASTNY,20092010,811,1888,2338
WARREN_PETERS,20112012,768,1888,2351
DAVID_STECKEL,20122013,1027,1890,2269
MATT_LASHOFF,20102011,834,1892,2344
TODD_ROHLOFF,20032004,784,1893,2354
JIRI_FISCHER,20052006,919.9,1894,2311
IGOR_KOROLEV,20032004,818,1896,2340
RADEK_BONK,20082009,1120,1897,2252
MIKE_GRIER,20092010,1074,1897,2255
JODY_SHELLEY,20112012,960.9,1897,2293
JIRI_NOVOTNY,20082009,948.9,1900.5,2307
MILAN_HNILICKA,20032004,800,1901,2352
DUSTIN_BOYD,20102011,939,1908,2307
JED_ORTMEYER,20112012,1025.9,1911,2304
SEBASTIEN_CARON,20112012,1035,1913,2286
MARCO_SCANDELLA,20132014,961,1916.5,2316
DIMITRY_AFANASENKOV,20062007,892.9,1917,2336
KEVIN_KLEIN,20132014,1161,1918,2257
AARON_ROME,20132014,1051.9,1921,2287
ANDY_SUTTON,20112012,1246.9,1925,2233
AKI_BERG,20052006,1045.8,1929,2303
ALEXANDER_KARPOVTSEV,20052006,889,1929.5,2341
JAKUB_KLEPIS,20062007,837,1931,2362
MATTIAS_NORSTROM,20072008,1075,1936,2289
ADAM_HALL,20132014,1200.8,1937,2253
BRAD_WINCHESTER,20112012,1070,1937,2298
BRIAN_LEE,20122013,1048.9,1939,2297
SAMI_KAPANEN,20072008,1125.9,1940,2274
MIKE_SANTORELLI,20132014,1055.9,1943,2301
JUSTIN_FALK,20132014,962.9,1943,2327
ANDREW_FERENCE,20132014,1373,1947,2219
STEPHEN_PEAT,20052006,779.9,1948,2370
TYLER_WRIGHT,20052006,996,1949,2329
ETHAN_MOREAU,20112012,1204,1950,2270
VLADIMIR_MALAKHOV,20052006,993,1951,2315
BRIAN_HOLZINGER,20032004,895.9,1953,2343
SHANE_HNIDY,20102011,1201,1959,2272
HANNU_TOIVONEN,20072008,1063.9,1959,2312
ERIC_BREWER,20132014,1426.9,1960,2213
YANNICK_TREMBLAY,20062007,1001,1960,2329
SEAN_HILL,20072008,1183.9,1962,2276
DARBY_HENDRICKSON,20032004,881.9,1964.5,2356.1
MIKE_KOMISAREK,20132014,1320,1966,2246
GARTH_MURRAY,20082009,892,1969,2358
MIKAEL_HOLMQVIST,20062007,981,1973,2341
MATT_MARTIN,20132014,1017,1977,2328
DANY_SABOURIN,20082009,1075,1980,2320
JAMIE_PUSHOR,20052006,931.9,1984,2356
JAY_ROSEHILL,20132014,844.8,1985,2370
MIKE_BROWN,20132014,1040,1986,2328
BRAD_LARSEN,20072008,1010,1987,2333
STEVE_EMINGER,20122013,1335,1991,2260
ERIC_CAIRNS,20052006,1000,1994,2339
JARED_BOLL,20132014,1114,1994.5,2327
ANDREI_ZYUZIN,20072008,1176,1995,2298
KARLIS_SKRASTINS,20102011,1426,1999,2250
MAXIM_LAPIERRE,20132014,1281,2003,2284
JEREMY_REICH,20072008,897.9,2003,2371
KELLY_BUCHBERGER,20032004,931,2005,2360
RICO_FATA,20062007,1052.9,2005.5,2335
JASON_WARD,20072008,1146,2006.5,2325
KONSTANTIN_KOLTSOV,20052006,1038.9,2013,2348.1
SHAWN_BATES,20072008,1168,2014,2316
DERON_QUINT,20062007,1015.9,2020,2351
BEN_ONDRUS,20062007,826,2021,2381
CAM_FOWLER,20132014,1234,2025,2308
BLAIR_BETTS,20102011,1228.9,2026,2313
BRIAN_LASHOFF,20132014,956,2028,2364
MIKA_NORONEN,20052006,1074.9,2032,2337
ANDREW_PETERS,20092010,895.8,2033.5,2374
DOUGLAS_MURRAY,20132014,1384.9,2035,2286
GREGORY_CAMPBELL,20132014,1364.9,2035,2295
NINO_NIEDERREITER,20132014,981.9,2035.5,2361
SCOTT_HANNAN,20132014,1547.9,2036,2254
CLARKE_WILM,20052006,1013.8,2038,2359
AARON_WARD,20092010,1460.9,2044,2279
JOE_JUNEAU,20032004,1055.9,2052.5,2359
MICHAEL_RYAN,20082009,969,2056.5,2371
NICK_TARNASKY,20092010,1026.9,2061,2359
AARON_VOROS,20102011,1082,2064,2356
LUKE_RICHARDSON,20082009,1294,2069,2320
RIC_JACKMAN,20062007,1259,2079,2334
JAMAL_MAYERS,20122013,1474.9,2087,2305
BRYAN_BERARD,20072008,1394.9,2087,2318
STEVE_MCCARTHY,20072008,1262,2088,2337
BYRON_DAFOE,20032004,1129.9,2092,2360
RYAN_CRAIG,20132014,1103,2092,2365
TIM_JACKMAN,20132014,1297,2099,2344
MATT_JONES,20072008,1120.9,2100,2368
JAY_MCCLEMENT,20132014,1560,2105,2306
KENT_MANDERVILLE,20022003,977,2107,2384
TANNER_GLASS,20132014,1258.8,2110,2347
JOHN_ERSKINE,20132014,1517,2114,2315
BRAD_FERENCE,20062007,1123,2119,2367
PATRICK_LALIME,20102011,1623,2122.5,2306.1
CRAIG_JOHNSON,20032004,1084,2125,2378
DAVID_RUNDBLAD,20132014,1075,2125,2379
RICHARD_MATVICHUK,20062007,1290.8,2126,2351
JAY_BOUWMEESTER,20132014,1775,2128,2282
RYAN_PARENT,20102011,1222.9,2128,2363
TRAVIS_MOEN,20132014,1598.9,2129,2318
CHRIS_DINGMAN,20052006,961.9,2131,2389
DEREK_MEECH,20122013,1188,2132,2371
ALEXEI_EMELIN,20132014,1263,2134,2359
JEAN-PIERRE_VIGIER,20062007,1238.9,2141,2366
LUCA_SBISA,20132014,1449.9,2147,2345
JEAN-FRANCOIS_JACQUES,20112012,1204,2149,2374
DANIEL_MCGILLIS,20052006,1330,2150,2363
BRIAN_BOUCHER,20122013,1729.9,2151,2312
BRUNO_GERVAIS,20122013,1652.9,2161,2324
BRETT_HULL,20052006,1363.9,2165,2361
CAM_JANSSEN,20132014,1211.9,2174,2378
IVAN_MAJESKY,20052006,1430,2184,2364
TAYLOR_CHORNEY,20112012,1212,2193,2383
ENVER_LISIN,20092010,1380.9,2198,2371
WADE_BELAK,20102011,1403,2199,2370
SCOTT_LACHANCE,20032004,1355,2201,2375
ZENON_KONOPKA,20132014,1433,2203.5,2370
WAYNE_PRIMEAU,20092010,1633.9,2208,2358
CRAIG_ADAMS,20132014,1811,2217,2345
STEVEN_GOERTZEN,20092010,1175.8,2217,2391
MARTIN_LAPOINTE,20072008,1657.9,2220,2356
RORY_FITZPATRICK,20072008,1667,2229,2363
BRENDAN_WITT,20092010,1907,2235,2346
JACK_JOHNSON,20132014,1946,2240,2344
ERIC_NYSTROM,20132014,1799,2244,2362
JERRED_SMITHSON,20132014,1857.9,2248,2357
JAMIE_ALLISON,20052006,1395.8,2256,2387
NICLAS_WALLIN,20102011,1999.9,2263,2353
RYAN_HOLLWEG,20102011,1369,2268.5,2390
PHILIPPE_SAUVE,20062007,1523.9,2269,2386
STEPHANE_VEILLEUX,20132014,1902.9,2283.5,2374
RYAN_JOHNSON,20102011,1941,2289,2374
ERIK_GUDBRANSON,20132014,1703,2292,2385
P. J._AXELSSON,20082009,1545,2292,2390
DARROLL_POWE,20132014,1904,2301,2379
JASON_STRUDWICK,20102011,2040,2312,2377
NICLAS_HAVELID,20082009,2172,2323,2373
MATHIEU_BIRON,20052006,1890,2327.5,2389
RAITIS_IVANANS,20112012,1731,2336,2394
THOMAS_POCK,20082009,1862.9,2337,2392
JOHN_MCCARTHY,20132014,1694,2363,2397
TIM_TAYLOR,20062007,2241,2386,2397
